date,K27.I.FUS3,K27.II.FUS3,K27.III.FUS3,K27.IV.FUS3,K27.V.FUS3,K27.VI.FUS3,K27.VII.FUS3,K27.VIII.FUS3,K27.I.STM,K27.II.STM,K27.III.STM,K27.IV.STM,K27.V.STM,K27.VI.STM,K27.VII.STM,K27.VIII.STM,K4.I.ACT2,K4.II.ACT2,K4.III.ACT2,K4.IV.ACT2,K4.V.ACT2,K4.VI.ACT2,K4.VII.ACT2,K4.VIII.ACT2,K4.I.PP2AA3,K4.II.PP2AA3,K4.III.PP2AA3,K4.IV.PP2AA3,K4.V.PP2AA3,K4.VI.PP2AA3,K4.VII.PP2AA3,K4.VIII.PP2AA3
120925,0.018214312,0.034874034,0.017396484,0.010435622,0.008351792,0.016706479,0.002927729,0.0050428,0.033055313,0.06328936,0.031571121,0.018938556,0.015156823,0.030318901,0.005313239,0.009151668,1.099547638,1.157950773,0.151165945,0.054889526,0.06852706,0.119208044,0.033727704,0.025741389,1.056408932,1.112520729,0.145235231,0.052736037,0.065838529,0.114531138,0.03240446,0.024731473
120925,0.023215364,0.105084746,0.027376747,0.02427451,0.012495202,0.011604278,0.012786501,0.008274164,0.024012012,0.108690784,0.028316195,0.025107502,0.012923981,0.012002485,0.013225277,0.008558097,1.273687298,0.811439659,0.1736575,0.081052615,0.057631982,0.058273646,0.052324612,0.039703517,1.273903253,0.811577239,0.173686944,0.081066358,0.057641754,0.058283526,0.052333484,0.039710249
120925,0.030592239,0.080840336,0.011963947,0.019456877,0.00875518,0.009793574,0.00284517,0.008762651,0.037693822,0.099606349,0.014741219,0.023973534,0.010787579,0.012067023,0.003505638,0.010796785,0.991666196,0.814004808,0.112092465,0.060808055,0.044462721,0.062663601,0.043235665,0.049717567,1.203654237,0.988014253,0.136054422,0.073806966,0.053967497,0.076059171,0.052478134,0.060345669
120925,0.061343961,0.206238243,0.029351637,0.010457735,0.007605207,0.005298888,0.003191029,0.008012742,0.056514022,0.19,0.027040625,0.009634342,0.007006408,0.004881678,0.002939782,0.007381856,0.870202885,0.657087839,0.124462321,0.047287931,0.029263337,0.037610425,0.045049738,0.041492786,0.915322235,0.691157338,0.130915596,0.049739773,0.030780619,0.039560496,0.047385532,0.043644156
121023,0.007576371,0.049379135,0.012336216,0.013784612,0.006441571,0.002618187,0.004170504,0.010477026,0.010073663,0.065655281,0.016402428,0.018328238,0.008564815,0.003481183,0.005545169,0.013930419,0.883636641,0.7133691,0.078553216,0.035135835,0.033698694,0.04955434,0.07676101,0.053758801,1.005147684,0.811466236,0.089355262,0.039967449,0.038332684,0.056368679,0.087316605,0.061151305
121023,0.029939168,0.056222048,0.007521382,0.0038188,0.006492584,0.003779931,0.006369287,0.009189796,0.070876233,0.133096784,0.01780568,0.009040404,0.015370163,0.008948388,0.015078277,0.021755385,0.766014446,0.6487877,0.063964143,0.01816699,0.025309511,0.040767908,0.087193472,0.064065604,0.982526842,0.832166199,0.082043476,0.023301852,0.032463192,0.052290873,0.111838526,0.082173614
121023,0.020205108,0.042623583,0.01401079,0.009713612,0.009261178,0.004275249,0.002803888,0.009340573,0.020747865,0.043768553,0.014387153,0.009974543,0.009509955,0.004390092,0.002879207,0.009591483,0.784486468,0.636255514,0.050266849,0.027253803,0.02407327,0.050949306,0.064327747,0.046647651,1.099970295,0.892127772,0.070481828,0.03821401,0.033754415,0.071438738,0.090197363,0.065407158
121023,0.025948189,0.078567362,0.015285205,0.013581768,0.017013889,0.007844378,0.006695121,0.013597541,0.025206813,0.076322581,0.014848485,0.013193717,0.016527778,0.007620253,0.006503831,0.01320904,0.716476667,0.807828924,0.048116325,0.028429908,0.041219309,0.071682549,0.118610358,0.057482384,0.955231144,1.07702509,0.064150327,0.037903723,0.05495499,0.09556962,0.158135377,0.076637476
121106,0.030383523,0.028814103,0.010972368,0.007301927,0.010320017,0.002146536,0.000604653,0.003613843,0.027626953,0.02619992,0.009976891,0.006639454,0.009383725,0.00195179,0.000549795,0.003285974,0.988327897,0.929592739,0.044898268,0.018790233,0.024715463,0.015629862,0.021305721,0.023632325,0.919407725,0.864768411,0.041767327,0.017479913,0.022991952,0.014539927,0.019819986,0.021984346
121106,0.047065909,0.042439091,0.01334234,0.010805195,0.011376623,0.004123388,0.004123318,0.001642844,0.051451471,0.046393529,0.014585568,0.011812014,0.012436687,0.004507601,0.004507525,0.001795923,0.921097561,0.957164634,0.052133378,0.019817073,0.027642276,0.033648855,0.089957502,0.040929123,1.086936791,1.129497569,0.061519745,0.023385043,0.032619137,0.039707171,0.106153922,0.048298217
121106,0.082517483,0.027344139,0.00607314,0.020358108,0.008445356,0.002756938,0.000798409,0.004712047,0.088298671,0.029259874,0.006498625,0.0217844,0.009037039,0.002950089,0.000854345,0.005042174,0.989160023,1.171223246,0.01657171,0.012259029,0.008938732,0.03083847,0.043138375,0.033648087,1.207434053,1.429672447,0.020228524,0.01496418,0.010911207,0.037643474,0.05265755,0.041073077
121106,0.016781239,0.01976868,0.007970302,0.011168831,0.013587005,0.006329004,0.002053183,0.010085002,0.013699921,0.016138818,0.006506821,0.009118046,0.011092203,0.005166893,0.001676184,0.008233226,0.959446856,0.995131912,0.04470813,0.0163879,0.021325967,0.032598264,0.063607763,0.050415766,1.156774662,1.199799003,0.053903175,0.019758372,0.025712043,0.039302694,0.076689864,0.060784691
121121,0.061022482,0.074271915,0.023613963,0.017975767,0.007535603,0.007954898,0.002446875,0.139979429,0.048597954,0.059149726,0.018806024,0.014315797,0.006001311,0.006335235,0.001948677,0.111478812,0.707570208,0.763313213,0.021654957,0.020388222,0.011207373,0.02746032,0.0561794,0.04446913,0.920060332,0.992543496,0.028158149,0.026511001,0.014573055,0.03570691,0.07305062,0.05782364
121121,0.17640441,0.139453073,0.077753728,0.024819168,0.017854683,0.008087696,0.001799443,0.02277119,0.159537135,0.126118977,0.070319143,0.022446032,0.016147471,0.007314374,0.001627386,0.020593875,0.69286166,0.906359984,0.022772966,0.00881506,0.010246727,0.05757234,0.08522745,0.14127881,0.850477042,1.112542955,0.027953466,0.010820351,0.0125777,0.07066917,0.10461539,0.17341756
121121,0.086759912,0.139533005,0.075296741,0.014881475,0.022854902,0.007418037,0.001902005,0.009446224,0.074333717,0.11954838,0.06451236,0.012750075,0.019581507,0.006355588,0.00162959,0.008093288,1.049096202,0.951825544,0.042727287,0.016418182,0.023473678,0.09661168,0.15733547,0.10895688,0.85453372,0.775302609,0.034803203,0.013373311,0.019120314,0.07869435,0.12815647,0.08875004
121121,0.100746269,0.140763547,0.049537815,0.026826923,0.013875,0.00924635,0.003564607,0.004192033,0.055822859,0.077996176,0.027448585,0.014864626,0.007688048,0.005123343,0.001975126,0.002322778,0.66722678,0.738524777,0.013455395,0.005923077,0.005300627,0.18350172,0.34377558,0.18022174,0.813796869,0.900756939,0.01641115,0.007224203,0.006465019,0.22381164,0.41929296,0.21981116
121204,0.276588666,0.215284487,0.093099378,0.023066229,0.004797294,0.003151169,0.001706541,0.006783199,0.261437257,0.203491295,0.087999434,0.021802671,0.0045345,0.00297855,0.001613057,0.006411618,0.604330709,0.72833935,0.019692737,0.008656958,0.013235294,0.17081448,0.25770548,0.25952381,0.865906687,1.043590711,0.02821646,0.012403999,0.018964004,0.2447491,0.36924964,0.37185501
121204,0.246391333,0.068775388,0.087062366,0.019099462,0.013607641,0.007839982,0.010237439,0.005571595,0.178395847,0.04979576,0.063036164,0.013828671,0.009852403,0.005676418,0.00741226,0.004034027,0.698087162,0.75672279,0.01491912,0.007934924,0.016374517,0.16811922,0.34577768,0.18484085,1.014799154,1.100036914,0.021687708,0.011534884,0.023803398,0.24439246,0.50265198,0.26870046
121204,0.250042857,0.265447861,0.063346559,0.026402072,0.015421602,0.00463281,0.000591975,0.007383983,0.181190735,0.192353797,0.045903369,0.019131964,0.01117509,0.003357114,0.000428968,0.00535072,0.517595448,0.862211643,0.00690312,0.006892436,0.003090694,NA,NA,NA,0.767541519,1.278572362,0.010236627,0.010220783,0.004583185,NA,NA,NA
121204,0.332195272,0.357013726,0.052827077,0.041874081,0.01056863,0.011739715,0.002793576,0.008201474,0.241256611,0.259280998,0.038365632,0.030411025,0.007675461,0.008525961,0.002028833,0.005956315,0.574068529,0.527869509,0.005532997,0.005951968,0.003669112,0.10280723,0.24014891,0.12036285,0.809018399,0.743911439,0.007797495,0.008387938,0.005170775,0.1448833,0.33843501,0.16962393
121218,0.456369661,0.604149324,0.135669901,0.074351899,0.01458826,0.023188042,0.002931526,0.009355537,0.289598684,0.383375286,0.086092105,0.047181516,0.009257278,0.014714446,0.00186026,0.005936747,0.471220401,0.619888599,0.01102328,0.008483277,0.011837471,0.1889509,0.24923751,0.19259332,0.614383562,0.808219178,0.014372302,0.011060612,0.015433855,0.24635675,0.32495925,0.25110579
121218,0.69217138,0.685580148,0.15956827,0.063718043,0.055313853,NA,NA,NA,0.398539048,0.394743943,0.091876359,0.036687631,0.031848659,NA,NA,NA,0.460529718,0.503368034,0.008012766,0.005278793,0.013379611,NA,NA,NA,0.683590729,0.747178104,0.011893809,0.007835616,0.019860126,NA,NA,NA
121218,0.743193607,0.621499082,0.170027729,0.137708251,0.017060213,0.019810661,0.005162104,0.008058746,0.552176476,0.461760125,0.126326857,0.102314197,0.012675362,0.014718884,0.00383533,0.00598747,0.462233494,0.493218475,0.00773036,0.008506075,0.009344849,0.13741098,0.30434638,0.13974296,0.507513407,0.541533644,0.008487618,0.009339321,0.01026026,0.15087161,0.33415984,0.15343203
121218,0.646475938,0.60207425,0.252315854,0.055040144,0.020681445,0.024002734,0.01051739,0.019500631,0.454433801,0.423222079,0.177362909,0.038689919,0.014537815,0.016872482,0.007393094,0.013707774,0.320556577,0.410811659,0.009112426,0.001482655,0.00548838,0.10210943,0.20978581,0.16264672,0.448258455,0.574468949,0.012742593,0.002073308,0.007674816,0.14278732,0.29335933,0.22744118
130108,0.749782247,1.111043086,0.263634014,0.166082617,0.053733025,0.042166512,0.012091675,0.015928214,0.531180135,0.787113884,0.186770428,0.117660544,0.03806694,0.029872691,0.008566298,0.011284278,0.363502136,0.323050765,0.007546486,0.007667186,0.02242534,0.27603067,0.53594156,0.2749027,0.545995045,0.485235435,0.01133513,0.011516427,0.033683777,0.41460934,0.80500611,0.41291508
130108,0.898736649,1.029685157,0.225937336,0.097939394,0.107607477,0.034745154,0.012814318,0.017625787,0.515044248,0.590087672,0.129479225,0.056126699,0.061667244,0.019911608,0.007343576,0.010100913,0.329056047,0.331924316,0.005566695,0.005573962,0.027448079,0.29973701,0.52808951,0.28865701,0.433739774,0.437520534,0.007337647,0.007347225,0.03618023,0.39509338,0.69609244,0.38048845
130108,1.228498074,1.115133415,0.249245795,0.160481203,0.096282492,0.042679329,0.011017406,0.028170258,0.767947538,0.697082054,0.155806263,0.100318549,0.060187235,0.026679314,0.006887101,0.017609535,0.204062285,0.17545132,0.003215796,0.002093575,0.00758734,0.22446082,0.47626675,0.45582414,0.364565854,0.313451163,0.005745155,0.00374026,0.013555102,0.4010087,0.85087059,0.81434899
130108,1.075901697,0.924105403,0.273647454,0.243311978,0.077816101,0.039214413,0.015683362,0.020312487,0.651105442,0.559242595,0.165603741,0.147245565,0.047092116,0.02373146,0.00949113,0.012292546,0.229559866,0.18589256,0.00323107,0.005186607,0.005381586,0.17157043,0.34464752,0.23340053,0.322350076,0.261032043,0.004537099,0.007283082,0.007556873,0.24092078,0.48395722,0.32774318
130122,0.860835996,1.063494525,0.352169596,0.168306915,0.135356763,0.09171246,0.029078782,0.041764502,0.647826087,0.800337695,0.265026849,0.126660143,0.101863354,0.069018634,0.021883371,0.031430068,0.176222222,0.239086659,0.003870444,0.004571792,0.00949128,0.18332275,0.3212217,0.1609868,0.267675277,0.363164117,0.005879067,0.006944388,0.014416916,0.27846073,0.48792431,0.24453322
130122,0.829300788,1.257855626,0.422393667,0.153837732,0.160876584,0.005531168,0.032617843,0.013842231,0.586899265,0.890189125,0.298929576,0.108871537,0.11385296,0.003914429,0.023083769,0.009796199,0.266111307,0.261926747,0.005867587,0.005682407,0.01240403,0.20404803,0.39462277,0.15681057,0.514139375,0.50605461,0.011336451,0.010978675,0.02396516,0.39423025,0.76242948,0.30296528
130122,1.072840675,1.223674258,0.442516677,0.245243895,0.220465805,0.052035691,0.028897192,0.03033296,0.779624556,0.889234088,0.321573255,0.178216735,0.1602107,0.037813911,0.020999353,0.022042714,0.214241919,0.219285459,0.002989797,0.003409401,0.007718602,0.18806571,0.4496549,0.26392134,0.358549557,0.366990291,0.005003644,0.005705882,0.012917647,0.31474175,0.75253044,0.44169171
130122,0.933486507,1.151259463,0.31932062,0.280048743,0.078092586,0.0701271,0.017180118,0.02947182,0.580752422,0.716236085,0.198659779,0.174227463,0.048583946,0.043628358,0.010688312,0.018335381,0.199281482,0.18834441,0.005359481,0.010846209,0.008445814,0.22990112,0.4299729,0.21593593,0.25388601,0.239952104,0.006828016,0.013818147,0.010760026,0.29289564,0.5477885,0.2751039
130205,1.079599133,1.105928571,0.482900585,0.344066667,0.150066,0.053865258,0.035791077,0.015442571,0.774007745,0.792884371,0.34621072,0.246675138,0.10758831,0.038618155,0.025660053,0.011071396,0.275590645,0.21616919,0.005361151,0.008169184,0.010083757,0.11461365,0.21379175,0.13480755,0.386658968,0.303289525,0.007521799,0.011461521,0.014147705,0.16080515,0.29995394,0.18913758
130205,1.023715821,1.29575116,0.584058658,0.25109479,0.084089864,0.031935612,0.037797059,0.008843511,0.640200249,0.810322746,0.365252242,0.157026924,0.052587203,0.019971545,0.023637113,0.005530458,0.244852126,0.271226959,0.010333783,0.006761528,0.010655312,0.22485136,0.36626401,0.25612694,0.310693369,0.344160448,0.013112559,0.008579717,0.013520547,0.28531436,0.46475316,0.325
130205,1.378194888,1.460523023,0.661220555,0.312457912,0.220054201,0.078928171,0.076502123,0.030902385,0.862830847,0.914373089,0.413962855,0.195616982,0.137766838,0.049413665,0.047894817,0.019346706,0.151995353,0.15015561,0.004068224,0.001597166,0.003896553,0.03946215,0.14594557,0.08612019,0.229838124,0.227056177,0.006151721,0.002415138,0.005892131,0.05967227,0.22069001,0.1302257
130205,1.277609314,1.620421754,0.878758538,0.237358066,0.218723079,0.137794236,0.084019177,0.03595571,0.847672439,1.075122767,0.583041611,0.157483112,0.145119109,0.091424174,0.05574532,0.023856013,0.09382716,0.09529145,0.000819849,0.002127734,0.00184442,0.08118694,0.20839351,0.13146603,0.155511811,0.157938766,0.001358841,0.003526567,0.003056995,0.13456155,0.34539735,0.21789554
130219,1.113633877,1.311278238,0.598460239,0.369762153,0.379865039,0.2456368,0.13117504,0.04151268,0.742499003,0.874275473,0.39901456,0.246533476,0.253269426,0.16377472,0.08745902,0.02767797,0.214723172,0.222592173,0.004173295,0.003888696,0.008083726,0.1944004,0.26810689,0.16451668,0.3798583,0.39377904,0.007382813,0.006879339,0.014300602,0.34390609,0.47429734,0.29103997
130219,1.217935493,1.054848742,0.766517505,0.334634382,0.30698294,0.12470162,0.13990284,0.06496585,0.82064643,0.710758377,0.516480436,0.225477058,0.206845482,0.0840241,0.09426671,0.04377407,0.247401247,0.225356125,0.005755968,0.002231813,0.008239546,0.13833404,0.30594406,0.17712551,0.323323323,0.294513032,0.00752235,0.002916709,0.010768084,0.18078576,0.39983165,0.23148148
130219,1.346306041,1.352525203,0.73982756,0.5524653,0.440384039,0.21792711,0.23390464,0.09470941,0.917856299,0.922096269,0.504384119,0.376648207,0.300235795,0.14857377,0.1594666,0.06456899,0.193761147,0.200552721,0.002491943,0.004034444,0.006957272,0.13247092,0.23313718,0.16238449,0.32133206,0.332595156,0.00413262,0.006690692,0.011537888,0.2196888,0.38663298,0.26929724
130219,1.031676293,1.209493671,0.703767007,0.407136622,0.334960027,0.09684482,0.05899969,0.04056507,0.880277393,1.032,0.600488923,0.347389163,0.285804511,0.0826328,0.05034146,0.03461213,0.112135922,0.120714286,0.002529412,0.002413793,0.0035,0.08259259,0.19163763,0.13165468,0.172661169,0.185869695,0.003894659,0.003716635,0.005389121,0.12717186,0.29507384,0.20271515
130305,1.175302954,1.161797753,0.984092719,0.793665636,0.597436303,0.41672373,0.18424774,0.11001499,0.889078029,0.878861789,0.744433775,0.60038195,0.451940914,0.3152378,0.13937736,0.08322272,0.186739741,0.191955669,0.008888647,0.008791667,0.010613778,0.08135261,0.160978,0.14995784,0.242938789,0.249724442,0.011563672,0.011437507,0.013807979,0.10583556,0.20942408,0.19508743
130305,1.122931931,1.217874992,1.070993915,0.667854638,0.565838404,0.35795251,0.2487092,0.14464859,0.726320619,0.787730488,0.692726729,0.431973284,0.365988435,0.23152631,0.16086694,0.09355977,0.17546798,0.177276929,0.006014595,0.004924288,0.007750539,0.07770958,0.17661834,0.08788345,0.257998962,0.260658745,0.008843546,0.007240417,0.011395988,0.1142601,0.25969039,0.12921924
130305,1.219247325,1.484773554,0.978358949,0.752724796,0.627955917,0.49738874,0.29919229,0.07067823,0.888117105,1.081530189,0.712650583,0.548295455,0.457412027,0.36230504,0.21793592,0.05148303,0.084916042,0.093597164,0.004905726,0.001725108,0.005191828,0.06630885,0.12664913,0.02728719,0.117334461,0.129329778,0.006778587,0.002383703,0.007173913,0.09162359,0.175,0.03770463
130305,1.325459812,1.491307806,1.089952864,0.838708649,0.694036948,0.39327917,0.2459277,0.11614496,0.889795652,1.001131222,0.731697265,0.563034278,0.465914585,0.26401261,0.16509395,0.07796938,0.088533688,0.081918033,0.001607636,0.002417856,0.002548765,0.01995667,0.06579918,0.03006378,0.115511067,0.106879536,0.002097504,0.003154608,0.003325407,0.02603774,0.08584906,0.03922461
130319,1.141867061,0.845154738,0.838910237,0.983228512,0.989630229,NA,NA,NA,0.966740859,0.715534798,0.710248005,0.832432432,0.83785233,NA,NA,NA,0.357633652,0.365947556,0.007254591,0.008124934,0.014881419,0.038925629,0.072682446,0.038358974,0.418554477,0.428284606,0.008490369,0.00950897,0.017416383,0.045556385,0.08506348,0.044893204
130319,1.182406191,1.840136636,1.265035192,0.843864377,1.07635775,0.80527406,0.51163882,0.12352067,0.771290399,1.200331774,0.825189774,0.550457615,0.702114387,0.52528493,0.33374496,0.08057325,0.26427673,0.328148904,0.008635952,0.004150943,0.010013616,0.042648928,0.140348445,0.041149533,0.300081719,0.372607483,0.009805977,0.004713325,0.01137029,0.04842713,0.159363265,0.046724592
130319,1.092121212,1.576518958,1.085436303,1.038045192,1.146404342,1.36902655,0.77671165,0.31809509,0.811161236,1.170942431,0.806196092,0.770996856,0.851479445,1.01682969,0.57689419,0.23626169,0.307654651,0.36979289,0.005629669,0.004496516,0.009491561,0.030638491,0.067676694,0.030255218,0.386705202,0.464809597,0.007076188,0.005651876,0.011930377,0.038510921,0.085065932,0.038029168
130319,1.318661972,1.252155172,0.924041298,0.897272727,0.784259259,0.68888889,0.34934211,0.15441177,1.153742971,1.095553871,0.808475693,0.785054945,0.686175553,0.60273272,0.30565149,0.13510019,0.208628856,0.177776067,0.00216621,0.004590801,0.003818893,0.019919454,0.03914138,0.029803324,0.267275838,0.227750121,0.002775146,0.005881306,0.00489241,0.025518947,0.050144287,0.03818124
130402,0.854095343,1.488412398,0.834317493,0.600649178,0.791955197,0.88677436,0.48475682,0.08011138,0.712264521,1.241247073,0.695770975,0.500905552,0.66044335,0.73951687,0.40425824,0.06680811,0.53927658,0.505261834,0.012634271,0.008650804,0.015580739,0.036411492,0.072410486,0.032458028,0.614385614,0.575633383,0.014393939,0.009855666,0.017750784,0.041482789,0.082495629,0.036978698
130402,1.135654886,1.35684465,1.157922629,0.855855856,1.074372245,0.88755422,0.53610811,0.13687458,0.942622951,1.12621618,0.961105754,0.710382514,0.891756772,0.73669298,0.44498361,0.11360944,0.264957265,0.345799458,0.009756863,0.007626168,0.010496454,0.025971651,0.0768,0.039829994,0.352833615,0.46048812,0.012992847,0.010155481,0.013977733,0.034585469,0.102271669,0.053040103
130402,1.022017766,0.974524996,0.982324873,0.77466343,0.936279486,0.63812699,0.40619108,0.13994399,0.846409884,0.807077543,0.813537209,0.641557128,0.775403557,0.52848102,0.33639743,0.11589816,0.25215443,0.189488412,0.006235091,0.003474064,0.003133727,0.005689514,0.014957342,0.011312257,0.409030544,0.307377302,0.01011421,0.005635429,0.005083353,0.009229206,0.024262948,0.018350099
130402,1.032579297,1.277109763,1.23962429,1.096985242,1.023629149,0.70998514,0.60842177,0.16180331,0.760117393,0.94012474,0.912530385,0.80752884,0.753528879,0.52264466,0.44788034,0.11910902,0.25469958,0.257593098,0.003599498,0.004757836,0.001940825,0.007783893,0.024842562,0.012263252,0.401781037,0.406345476,0.005678101,0.007505346,0.003061594,0.012278861,0.039188406,0.019344916
130416,0.689724455,0.981590666,0.931950917,0.63802408,0.965186383,0.75504138,0.46910096,0.18188583,0.45,0.640423573,0.608036891,0.416268894,0.629720854,0.49261501,0.30605763,0.11866858,0.609489967,0.761612076,0.034075381,0.010389533,0.026174789,0.0411285,0.05584269,0.02119212,0.597727661,0.746914026,0.033417774,0.010189029,0.025669652,0.04033478,0.054765,0.02078314
130416,0.963503504,1.311399399,1.266666667,0.860135135,1.012648649,0.70746509,0.4859199,0.08949471,0.697356199,0.949153269,0.916777,0.622541139,0.732926045,0.51204294,0.35169488,0.06477371,0.649291267,0.761316872,0.042241588,0.017814996,0.02345679,0.05633577,0.10126928,0.04378902,0.73965838,0.867275495,0.048120691,0.020294453,0.026721461,0.06417647,0.11536374,0.04988349
130416,0.75844219,1.00015361,1.126470588,0.912870763,1.160481211,0.6086743,0.26993765,0.07824731,0.583791762,0.769843035,0.867072346,0.702659264,0.893251166,0.4685117,0.20777771,0.0602289,0.657952962,0.688671394,0.027278577,0.010423991,0.017034081,0.01146162,0.01695521,0.01050794,1.023602178,1.071391998,0.042438309,0.016216995,0.02650056,0.01783128,0.02637786,0.0163476
130416,0.694003886,0.873560652,0.968217898,0.852849551,0.887142453,0.57847847,0.2955291,0.07109813,0.615439016,0.774669017,0.858610568,0.756302521,0.786713287,0.51299168,0.26207366,0.06304945,0.520724954,0.597211778,0.022892965,0.008219627,0.006441962,0.01791541,0.03555414,0.02391798,0.717754702,0.823182293,0.03155511,0.011329735,0.008879445,0.02469417,0.04900697,0.03296796
130430,0.42002886,0.521635032,0.663203463,0.424450216,0.540158055,0.33949114,0.23125314,0.11678148,0.32103879,0.398698983,0.506903353,0.324418146,0.412856603,0.25948175,0.17675269,0.08925907,0.68627451,0.680333817,0.025685746,0.01163522,0.015535929,0.017991162,0.034525338,0.019073011,0.957755096,0.949464348,0.035846667,0.01623795,0.021681725,0.025108214,0.048183079,0.026618027
130430,0.338235294,0.471311475,0.61086864,0.51481715,0.519071038,0.25165841,0.14139344,0.04215169,0.2760181,0.384615385,0.498501499,0.420118343,0.423589744,0.20536673,0.11538461,0.03439803,0.834381414,1.080588442,0.040964047,0.017646051,0.017893096,0.022619775,0.044633001,0.024348949,1.056718266,1.368531856,0.051879699,0.022348178,0.022661053,0.028647246,0.056526316,0.030837191
130430,0.346591337,0.420141243,0.50952381,0.477757037,0.548995947,0.25918785,0.12681773,0.05495046,0.269250137,0.326387521,0.395824537,0.371146459,0.426488541,0.20135058,0.0985186,0.04268837,0.604274759,0.591238375,0.010368855,0.007783319,0.006008906,0.0061942,0.007651791,0.00749276,1.000095785,0.978520115,0.017160817,0.012881665,0.009944949,0.010251616,0.012663981,0.012400779
130430,0.281690566,0.410480105,0.643078451,0.719811321,0.69816286,0.39695128,0.16954523,0.090773,0.231171429,0.336863508,0.527747046,0.590718439,0.57295247,0.32576098,0.13913854,0.07449353,0.858666667,0.810231023,0.015701754,0.004767442,0.005416667,0.010433145,0.016196581,0.00786106,1.062035088,1.002127844,0.019420591,0.005896573,0.006699561,0.012904153,0.020032614,0.00972289
130513,0.266659877,0.286716973,0.451079922,0.388674789,0.418393487,0.30578439,0.11166723,0.05265968,0.199196347,0.214179104,0.336959102,0.290342135,0.312542162,0.22842256,0.08341601,0.03933706,0.893891555,1.024070889,0.074493766,0.022188771,0.026129707,0.034119782,0.047126084,0.029531705,1.101916632,1.262391102,0.091829842,0.027352508,0.032210572,0.042060086,0.058093194,0.036404279
130513,0.301673789,0.419613679,0.502389558,0.420162709,0.334116112,0.29983218,0.11272325,0.08295656,0.227902139,0.317000874,0.379534647,0.317415644,0.25241098,0.22651088,0.08515778,0.06267027,0.71543313,0.698957088,0.057446323,0.017053693,0.017002813,0.030977575,0.030210752,0.028931399,0.955798446,0.93378692,0.076746665,0.022783252,0.022715277,0.041385165,0.040360712,0.038651532
130513,0.176169774,0.313447723,0.306159157,0.216557076,0.192966585,0.0665955,0.05953047,0.02320062,0.155069686,0.275905673,0.269490069,0.190619748,0.169854722,0.05861927,0.05240043,0.02042185,0.862365393,0.73955042,0.04761309,0.015721791,0.011461465,0.021492295,0.057938323,0.031723021,1.214179337,1.041260289,0.067037511,0.022135714,0.016137328,0.030260375,0.081575066,0.044664869
130513,0.259524897,0.306808432,0.414644652,0.410893754,0.366231527,0.2618659,0.10045732,0.07082969,0.229376396,0.271167095,0.36647619,0.363161028,0.323687124,0.23144545,0.08878739,0.06260154,0.640774077,0.641511712,0.029405941,0.011336634,0.00940247,0.024472429,0.041733742,0.02373009,0.739045128,0.739895888,0.033915725,0.013075254,0.010844461,0.028225595,0.048134155,0.027369409
130528,0.123516712,0.163871144,0.230049875,0.278458881,0.192901081,0.126087942,0.045532835,0.032477629,0.094719514,0.125665547,0.176415094,0.213537824,0.147927324,0.096691277,0.034917121,0.02490566,0.802262937,0.775555879,0.055666612,0.027757479,0.020789074,0.024158055,0.034278874,0.023031033,0.788190056,0.761951479,0.054690137,0.027270572,0.020424403,0.023734287,0.033677571,0.022627035
130528,0.065032798,0.086476625,0.147157722,0.052868963,0.043976028,0.02071585,0.005851525,0.008196944,0.047046257,0.062559227,0.106457361,0.038246653,0.031813294,0.014986333,0.004233131,0.005929863,0.759498126,0.671872717,0.049779338,0.014639517,0.018409423,0.024123844,0.031873877,0.020544857,1.552083668,1.373015463,0.101727305,0.029916802,0.037620849,0.049298639,0.065136334,0.041984748
130528,0.143013573,0.183775659,0.201814357,0.136617019,0.192188963,0.133925272,0.049697092,0.018976072,0.109196419,0.140319855,0.154093102,0.104312402,0.14674374,0.102257148,0.03794566,0.014488968,0.742302742,0.809512401,0.02561928,0.004043371,0.005925636,0.012708875,0.023085184,0.010542215,0.989262372,1.078832276,0.03414266,0.005388576,0.007897059,0.01693704,0.030765485,0.014049546
130528,0.100712251,0.176698306,0.239470014,0.177610767,0.149382716,0.151034603,0.054261294,0.03479185,0.080563711,0.141347961,0.191561532,0.142077875,0.119497141,0.12081855,0.043405755,0.027831376,0.704838148,0.657518361,0.026836934,0.004802621,0.004040142,0.009154292,0.020339615,0.011121193,1.056770705,0.985823687,0.040236876,0.007200617,0.006057424,0.01372512,0.030495383,0.016674113
130611,0.049754805,0.159766433,0.10758765,0.114831635,0.092001022,0.093493808,0.026827041,0.02651542,0.036244365,0.116383391,0.078373256,0.083650207,0.067019027,0.068106461,0.019542416,0.019315412,0.874535799,0.670710871,0.071595331,0.021559086,0.021020722,0.04285776,0.048914074,NA,1.030602653,0.790403781,0.084372004,0.025406452,0.024772013,0.050506019,0.057643122,NA
130611,0.104353263,0.20392872,0.223216294,0.375053782,0.182889031,0.220596634,0.077307402,0.043880265,0.073707214,0.144039749,0.157663025,0.264909487,0.129178912,0.155812697,0.054604073,0.030993684,0.75610612,0.710845763,0.058479161,0.025027314,0.020427072,0.029691192,0.034546963,0.022669864,0.90587736,0.851651727,0.070062848,0.029984782,0.024473314,0.035572492,0.041390105,0.027160363
130611,0.091593299,0.103726102,0.182101923,0.145752588,0.153128625,0.084784138,0.027352776,0.033720473,0.074505153,0.084374394,0.148127994,0.11856019,0.124560113,0.068966346,0.022249693,0.027429398,0.749885483,0.825702072,0.069439641,0.016131145,0.019761272,0.019836139,0.032176445,0.023641333,0.99186085,1.09214217,0.091846639,0.021336392,0.0261379,0.026236925,0.04255924,0.031269992
130611,0.126440958,0.167630058,0.21073493,0.243531587,0.197998911,0.139511467,0.036475514,0.022960742,0.098224762,0.130222222,0.163707937,0.189185787,0.153814051,0.108378495,0.028335745,0.01783689,0.768018812,0.747410245,0.033926567,0.007941969,0.00630294,0.007838084,0.016931562,0.008736942,0.855459579,0.832504678,0.037789188,0.008846181,0.007020544,0.008730468,0.01885926,0.009731664
130702,0.020899796,0.024844753,0.029593669,0.03743822,0.022107943,0.025077894,0.010665787,0.01038341,0.016596742,0.019729474,0.023500637,0.029730075,0.017556144,0.019914613,0.008469811,0.008245573,0.920059583,0.983889256,0.028713087,0.010766109,0.005594244,0.011369941,0.011678397,0.00968682,1.061699726,1.135355767,0.033133372,0.012423516,0.006455459,0.013120306,0.013476247,0.011178074
130702,0.046002161,0.083452506,0.087931981,0.124238529,0.141247974,0.133110878,0.008346599,0.025380982,0.026841804,0.048693708,0.051307438,0.072491948,0.08241679,0.077668875,0.004870158,0.014809551,0.844201579,0.946623094,0.021584699,0.005986298,0.009762926,0.010360656,0.006507435,0.006221333,1.102335456,1.236074685,0.028184713,0.007816746,0.012748163,0.013528662,0.008497231,0.008123647
130702,0.039557254,0.07328118,0.11638772,0.11787913,0.070612949,0.065167649,0.003122773,0.022791195,0.029390685,0.054447259,0.086475031,0.087583135,0.052464787,0.048418979,0.002320192,0.016933653,0.898805362,0.95026608,0.054216476,0.012764476,0.008394686,0.013342969,0.007299389,0.009100351,1.042672694,1.102370474,0.06289464,0.014807622,0.009738382,0.015478712,0.008467766,0.010556999
130702,0.042390843,0.092095229,0.135508313,0.128548662,0.130902182,0.088634132,0.020569726,0.015700903,0.033616616,0.073032989,0.107460259,0.101941144,0.103807524,0.070288284,0.016312122,0.012451067,0.738824979,0.806332872,0.040049068,0.010547723,0.011480964,0.011877826,0.012909994,0.008118451,1.229619874,1.341972663,0.06665331,0.017554483,0.019107667,0.01976816,0.021485989,0.013511466
130716,0.031106306,0.051940567,0.061803083,0.056689779,0.04922474,0.067212146,0.017018773,0.01585292,0.024159936,0.040341685,0.048001796,0.044030347,0.038232331,0.052202958,0.0132183,0.012312794,0.780396878,0.72045227,0.066283731,0.012327145,0.014737737,0.02513129,0.033882469,0.030442843,0.893770078,0.825116937,0.075913188,0.014117988,0.016878782,0.028782272,0.03880479,0.034865467
130716,0.018094207,0.033915634,0.044732495,0.043739259,0.042040567,0.030680746,0.008206967,0.012866824,0.012322485,0.023097166,0.030463646,0.029787234,0.028630394,0.020894149,0.005589094,0.008762542,0.89878663,0.936022348,0.067365732,0.022284195,0.019441283,0.023261769,0.022571328,0.015552154,0.880122214,0.916584686,0.065966799,0.021821436,0.01903756,0.02277871,0.022102607,0.015229194
130716,0.017585735,0.021572519,0.011846293,0.020274589,0.017219897,0.012676319,0.002531137,0.005756195,0.014467106,0.017746879,0.009745488,0.016679123,0.014166145,0.010428319,0.002082269,0.0047354,0.879140881,0.939634146,0.0465895,0.018480581,0.0136964,0.017606707,0.015030925,0.010144309,1.011823997,1.081447124,0.053620955,0.021269737,0.015763511,0.020263975,0.017299447,0.011675325
130716,0.018578725,0.028491287,0.041424312,0.030102659,0.032451093,0.02705457,0.006105067,0.009615542,0.014410232,0.02209872,0.032129973,0.02334855,0.025170068,0.020984358,0.004735278,0.007458111,0.832773758,0.877679374,0.057338888,0.012854306,0.014374987,0.017217205,0.017060089,0.01251108,0.953480075,1.004894531,0.065649867,0.014717472,0.016458568,0.019712752,0.019532862,0.014324498
130730,0.03141782,0.026519817,0.034812521,0.026534626,0.018977797,0.026756026,0.008558786,0.018294097,0.023631222,0.019947141,0.02618458,0.019958279,0.014274337,0.020124807,0.006437575,0.013760085,0.91174795,0.913347194,0.09042694,0.018909693,0.012300103,0.029718281,0.027841142,0.022807848,1.065189933,1.067058321,0.105645279,0.022092087,0.01437014,0.034719699,0.032526647,0.026646278
130730,0.032117484,0.028763916,0.021151475,0.020287539,0.010607053,0.007883012,0.006653821,0.005749899,0.024424244,0.021873971,0.016084971,0.015427977,0.0080663,0.00599476,0.005060003,0.004372601,0.938574725,0.95142426,0.100427496,0.027483022,0.015348872,0.024642036,0.082650443,0.046322896,1.104126186,1.119242199,0.118141502,0.032330643,0.018056199,0.028988547,0.097228826,0.054493607
130730,0.04436247,0.045161631,0.014666733,0.006983835,0.009000366,0.009366896,0.013472186,0.009945569,0.036941078,0.037606547,0.012213137,0.00581551,0.007494695,0.007799909,0.011218425,0.008281775,0.966538758,0.969183048,0.091179091,0.017890443,0.01590623,0.030964228,0.047441621,0.028806645,1.151361489,1.154511424,0.108614469,0.021311475,0.018947839,0.036885246,0.056513466,0.034315088
130730,0.035049076,0.06326048,0.054707072,0.034874235,0.052142127,0.056675412,0.01429233,0.024266125,0.028223638,0.050941169,0.044053447,0.028082846,0.041987999,0.045638474,0.011509049,0.019540554,0.882469772,0.879399524,0.081935474,0.013818332,0.019561417,0.027813409,0.021594948,0.022376278,1.283653846,1.279187817,0.119184576,0.020100354,0.028454333,0.040457805,0.031412338,0.032548872
130813,0.022585956,0.045089683,0.020599995,0.018735611,0.025358246,0.008412641,0.006392677,0.009466826,0.015591758,0.03112675,0.014220789,0.01293375,0.017505552,0.005807496,0.004413055,0.006535232,0.961160795,0.844384124,0.103642784,0.029841836,0.031924861,0.023371297,0.022365187,0.016723625,1.231120628,1.081545064,0.132752782,0.038223469,0.04089155,0.029935559,0.028646865,0.021420765
130813,0.021460091,0.028834103,0.016342782,0.012748605,0.015421727,0.008553861,0.006803525,0.012339996,0.013932206,0.018719522,0.010609974,0.008276581,0.010012011,0.005553292,0.004416948,0.008011306,0.899538949,0.746450304,0.106481481,0.026879626,0.024364407,0.029347015,0.031586523,0.025777191,1.206201354,1.00092316,0.142782152,0.036043177,0.032670492,0.039351724,0.042354706,0.03456491
130813,0.021242086,0.023651712,0.020525791,0.008421834,0.007194364,0.010005539,0.007025682,0.010511276,0.019927225,0.022187698,0.019255268,0.007900532,0.006749041,0.009386208,0.0065908,0.00986064,1.024643565,0.718043093,0.126684241,0.017188276,0.018704679,0.027491857,0.029302186,0.027883982,1.530656538,1.072643594,0.189246356,0.025676585,0.027941853,0.041068517,0.043772863,0.04165429
130813,0.024300842,0.026653996,0.02743899,0.020704443,0.019270617,0.01481381,0.008980266,0.014123706,0.021708534,0.023810664,0.024511919,0.018495784,0.017214912,0.013233538,0.008022291,0.012617051,0.917868339,0.86553814,0.101054803,0.026812987,0.022748872,0.029882099,0.032955331,0.027848599,1.218020022,1.148577351,0.134100686,0.035581089,0.03018797,0.03965383,0.043732038,0.036955356
130827,0.017488152,0.047571397,0.012083058,0.027790578,0.02332535,0.012032446,0.005140017,0.008639356,0.010155148,0.027624108,0.007016479,0.016137636,0.013544735,0.006987089,0.002984743,0.005016765,1.05480916,0.888116521,0.045710214,0.019501927,0.017746557,0.012184674,0.016078046,0.010376651,1.252473118,1.054543429,0.054275992,0.023156454,0.021072139,0.014467998,0.019090961,0.012321164
130827,0.009829761,0.025665947,0.041118624,0.026102156,0.019395066,0.002887328,0.003127839,0.013531229,0.005511045,0.014389586,0.023053114,0.014634146,0.010873824,0.001618777,0.00175362,0.007586269,1.175757576,1.06783941,0.072354796,0.017362029,0.014970079,0.008769863,0.020745196,0.011118129,1.414361001,1.284542365,0.087038181,0.020885407,0.018008045,0.010549583,0.024955141,0.013374396
130827,0.027490103,0.025896804,0.011348543,0.015361942,0.022256132,0.007274868,0.003722501,0.007174932,0.021508841,0.020262209,0.008879341,0.01201951,0.017413671,0.005692011,0.002912564,0.00561382,1.347128241,1.085764271,0.048006004,0.014059155,0.012799443,0.014466781,0.03304827,0.021081071,1.503716162,1.211971684,0.053586141,0.015693368,0.014287228,0.016148375,0.036889746,0.023531499
130827,0.043426282,0.04708398,0.015590847,0.028910329,0.011656276,0.008014382,0.007565895,0.007857955,0.034088367,0.036959554,0.012238361,0.022693767,0.009149837,0.006291057,0.005939007,0.006168266,0.835705599,0.886622111,0.039968974,0.021312817,0.01087538,0.014688083,0.018282165,0.012265852,0.928379138,0.984941913,0.044401236,0.02367625,0.012081379,0.016316882,0.020309521,0.013626044
130910,0.02609133,0.032565234,0.014345731,0.013312796,0.016019464,0.092813849,0.138976664,0.011402089,0.020802672,0.025964329,0.011437881,0.01061432,0.012772352,0.074000675,0.110806383,0.009090909,1.103745081,1.070118207,0.073960654,0.01850581,0.022490456,0.002450261,0.001178233,0.035268446,1.051661019,1.019620946,0.070470562,0.017632549,0.021429165,0.002334637,0.001122634,0.033604181
130910,0.013160389,0.022467805,0.012366261,0.013745721,0.01046746,0.004893337,0.005130839,0.012104842,0.013009065,0.022209461,0.012224069,0.013587667,0.010347101,0.004837072,0.005071843,0.011965656,0.955252002,0.868530648,0.066636086,0.020093874,0.015580104,0.022288373,0.050703775,0.02292942,1.187088394,1.079320064,0.082808436,0.024970588,0.019361341,0.027697685,0.063009408,0.028494312
130910,0.016801558,0.036532556,0.020272109,0.020095458,0.015776239,0.013796389,0.006214237,0.014546819,0.012245896,0.026626927,0.014775423,0.01464667,0.011498587,0.010055564,0.004529276,0.010602518,1.489010989,0.640859694,0.085668436,0.006673531,0.013156808,0.08765104,0.180604921,0.113611382,1.489799738,0.641199166,0.085713816,0.006677066,0.013163777,0.087697469,0.18070059,0.113671564
130910,0.015254964,0.030628864,0.013256134,0.017958473,0.012767765,0.009079797,0.003425956,0.008801176,0.010378125,0.020837164,0.009018298,0.012217353,0.008686056,0.006177089,0.002330717,0.00598754,0.901346239,0.886029395,0.04515718,0.012261118,0.012618005,0.032086924,0.036266343,0.024247737,1.123205366,1.104118404,0.056272257,0.015279094,0.015723825,0.039984863,0.045193012,0.030216122
130924,0.023186467,0.027865821,0.015082619,0.015521678,0.014238536,0.006537171,0.003545449,0.009682767,0.017620525,0.021176595,0.011462017,0.011795679,0.010820557,0.004967915,0.002694359,0.007358406,1.022613762,1.05054703,0.032857992,0.007264495,0.008477888,0.010301331,0.011598039,0.005702046,1.233153639,1.266837921,0.039622929,0.008760138,0.010223351,0.012422211,0.013985891,0.006876006
130924,0.031374016,0.026500431,0.015994065,0.006400787,0.017548579,0.004945565,0.00315734,0.005258881,0.022000731,0.018583175,0.011215686,0.004488491,0.012305774,0.003468031,0.002214054,0.003687741,0.855857034,0.919247941,0.050804996,0.013129376,0.012846633,0.005061315,0.007376899,0.005746647,1.062594893,1.141298288,0.063077275,0.016300863,0.015949821,0.006283909,0.009158837,0.007134787
130924,0.03602562,0.027053158,0.007638093,0.019657848,0.014417193,0.00383299,0.003241176,0.007457377,0.027173145,0.020405461,0.005761206,0.014827379,0.010874496,0.00289112,0.002444731,0.005624897,0.979247623,1.077394782,0.035901508,0.013531796,0.010388254,0.01529212,0.018707797,0.022331323,1.060183315,1.166442425,0.0388688,0.014650211,0.011246852,0.016556028,0.020254013,0.024177027
130924,0.027675362,0.050580469,0.013054416,0.010690537,0.010556929,0.004216685,0.002182667,0.007246377,0.020825172,0.038060819,0.009823194,0.008044421,0.007943884,0.003172974,0.001642415,0.005452758,0.833333333,0.770796975,0.041637549,0.012068008,0.008939263,0.02792816,0.020161847,0.025252525,1.06517341,0.985238931,0.053221453,0.015425426,0.011426238,0.035698,0.025771036,0.032277982
131008,0.019503109,0.029837466,0.009413566,0.007399327,0.012246205,0.001837936,0.001763103,0.008529221,0.014827823,0.022684827,0.007156945,0.00562556,0.009310544,0.001397346,0.001340452,0.006484596,1.044836105,0.917698864,0.053899655,0.014197439,0.013700416,0.020355364,0.025690361,0.025579404,1.092733384,0.95976793,0.056370518,0.014848277,0.014328469,0.021288493,0.026868056,0.026752012
131008,0.019785366,0.02404423,0.011640222,0.00591994,0.007743682,0.00355547,0.001636596,0.00767994,0.012896977,0.015673093,0.007587611,0.003858879,0.005047675,0.002317613,0.001066805,0.005006124,0.782336498,0.814481667,0.053396518,0.004725864,0.006907961,0.013578292,0.044026879,0.030142814,0.93357684,0.971936275,0.063719068,0.005639463,0.008243399,0.016203231,0.052538102,0.035969986
131008,0.022872576,0.022208156,0.007824009,0.008375975,0.005911943,0.001994047,0.001901449,0.010076691,0.015542654,0.01509116,0.005316667,0.005691746,0.004017356,0.00135502,0.001292096,0.006847437,0.694897036,0.691013657,0.037449437,0.011911206,0.008059951,0.010535839,0.013662854,0.014127443,1.033220373,1.027446301,0.055682381,0.017710395,0.011984085,0.015665406,0.020314865,0.021005648
131008,0.013928859,0.022140059,0.006500855,0.006626297,0.008169811,0.003578115,0.003149677,0.010389869,0.01117377,0.017760819,0.005215004,0.005315635,0.006553846,0.002870374,0.00252668,0.008334783,0.782046653,0.805392461,0.033361154,0.007240255,0.007835224,0.013848618,0.013194412,0.013862766,1.220591763,1.257029106,0.052068952,0.011300343,0.012228951,0.021614452,0.020593389,0.021636532
131022,0.009539474,0.043225936,0.013852495,0.008784932,0.006835995,0.006634971,0.005968229,0.014867771,0.005944976,0.026938295,0.00863284,0.005474747,0.004260175,0.004134897,0.003719386,0.009265557,0.975909161,0.885330594,0.027988338,0.007423574,0.00621833,0.012323897,0.016562962,0.020460636,0.972715974,0.882433782,0.02789676,0.007399283,0.006197983,0.012283573,0.016508768,0.020393688
131022,0.02561756,0.023427176,0.007718785,0.011446521,0.00906634,0.004505749,0.004434233,0.010596316,0.02031929,0.018581926,0.006122372,0.009079131,0.007191223,0.003573862,0.003517137,0.008404767,0.774068887,0.993237434,0.016932267,0.006771532,0.005978978,0.011575161,0.042119086,0.030529101,1.069223269,1.371961326,0.023388582,0.009353534,0.008258777,0.015988799,0.058179198,0.042169922
131022,0.018538417,0.030608483,0.00704863,0.008898233,0.004730423,0.00338694,0.003069206,0.004783845,0.014294695,0.023601742,0.005435093,0.006861294,0.003647558,0.002611619,0.002366619,0.003688751,0.840169731,0.798830146,0.025106939,0.007542857,0.003236975,0.009186486,0.027759958,0.015439286,1.1883553,1.129883645,0.035511829,0.01066879,0.004578451,0.012993577,0.039264319,0.021837679
131022,0.031310465,0.026307367,0.025566557,0.028403881,0.03266921,0.013489632,0.011750043,0.018143243,0.021756358,0.01827991,0.017765152,0.019736692,0.022700494,0.009373392,0.008164623,0.012606995,0.951444508,1.087394359,0.031825231,0.012347866,0.018602235,0.013009508,0.014679996,0.013229403,1.175601875,1.343581088,0.039323157,0.015256985,0.022984864,0.016074507,0.018138557,0.01634621
131105,0.015070372,0.026068266,0.008828175,0.013001791,0.014295392,0.004073728,0.002792569,0.008893194,0.011322988,0.019586157,0.00663297,0.009768779,0.010740714,0.003060759,0.002098171,0.006681821,1.039025672,1.082673267,0.02610457,0.012698574,0.010545011,0.03349447,0.05210553,0.03974257,1.739429695,1.8125,0.043701581,0.021258645,0.017653371,0.05607298,0.08722971,0.06653292
131105,0.017338501,0.024500056,0.013496412,0.012253455,0.010363089,0.005071512,0.003992866,0.006858341,0.01246732,0.017616866,0.00970465,0.008810897,0.007451621,0.003646691,0.002871087,0.004931518,1.032703516,1.076554303,0.030226946,0.009268418,0.008648245,0.02516228,0.08386393,0.0548256,1.19387092,1.244565217,0.034944272,0.010714881,0.009997921,0.02908919,0.09695204,0.06338188
131105,0.014147671,0.031766045,0.009910382,0.008993302,0.006964989,0.003029547,0.001565332,0.005462936,0.01000331,0.02246063,0.007007275,0.006358841,0.004924693,0.002142084,0.00110679,0.003862646,0.994466527,1.044591351,0.021674558,0.010882397,0.00919776,0.01569067,0.02208127,0.03670808,1.151413293,1.209448819,0.025095238,0.012599858,0.010649351,0.01816698,0.02556614,0.04250135
131105,0.013235324,0.021591627,0.013037888,0.006302436,0.009912196,0.002560474,0.0041733,0.004885041,0.009638895,0.015724543,0.009495108,0.004589878,0.007218759,0.001864717,0.003039291,0.003557631,0.982495765,0.985963711,0.023913043,0.007056681,0.006635711,0.01935612,0.03102767,0.02955695,1.050461587,1.054169434,0.025567269,0.007544839,0.007094748,0.02069512,0.03317406,0.03160161
131119,0.03645387,0.041069775,0.010697003,0.004506511,0.006127592,0.006127969,0.001393507,0.003557419,0.02574051,0.028999856,0.007553281,0.003182101,0.004326765,0.004327032,0.000983972,0.002511936,0.73782373,0.721748508,0.009710253,0.003220154,0.005225635,0.10297697,0.16903789,0.07022368,1.035025629,1.012475165,0.013621629,0.004517261,0.007330567,0.144457,0.23712784,0.0985104
131119,0.059039986,0.1012,0.034568684,0.027359723,0.011403695,0.00856835,0.010824393,0.006716954,0.036092956,0.061866667,0.021132898,0.016725838,0.006971429,0.005238095,0.006617284,0.00410628,0.885137681,0.798887218,0.017669664,0.008020866,0.006053491,0.04249015,0.14147313,0.07153754,1.125690665,1.016,0.022471731,0.010200688,0.007698642,0.05403766,0.17992114,0.09097922
131119,0.067221224,0.057454251,0.010112554,0.018846537,0.00754058,0.003945753,0.001012364,0.005503714,0.046295086,0.039568596,0.00696449,0.012979562,0.005193179,0.00271743,0.000697213,0.003790394,0.865681896,0.783315276,0.018328151,0.009673832,0.012113334,0.0996397,0.18259557,0.1192588,1.203083533,1.088614322,0.025471592,0.013444232,0.016834536,0.13847451,0.25376265,0.16574021
131119,0.066595537,0.080473111,0.023750333,0.014774179,0.010644434,0.005510709,NA,0.00275439,0.048365435,0.058444112,0.017248832,0.010729842,0.007730588,0.004002188,NA,0.002000393,0.865482752,0.886520323,0.015709328,0.008716692,0.008827896,0.04085331,NA,0.0412498,1.147393108,1.175283167,0.020826267,0.011555946,0.011703373,0.0541603,NA,0.05468593
131203,0.17990223,0.176533662,0.041949307,0.020274515,0.007159418,0.003749844,0.004592918,0.002798886,0.129501916,0.127077065,0.030197044,0.01459453,0.005153679,0.00269931,0.003306194,0.002014767,0.58423121,0.548458102,0.010497304,0.005952988,0.014745424,0.17723473,0.51670239,0.20805104,0.878111509,0.824343793,0.015777664,0.008947463,0.022162675,0.26638744,0.77661431,0.31270498
131203,0.166025153,0.18504,0.025428453,0.018947626,0.006237958,0.010445806,0.004603156,0.011106476,0.119783143,0.133501896,0.018346015,0.013670255,0.004500537,0.007536397,0.003321066,0.008013054,0.572749528,0.562104601,0.004785287,0.005608252,0.007936782,0.14314516,0.49052707,0.1909734,0.783152696,0.768597288,0.006543192,0.007668479,0.010852409,0.19573044,0.67072529,0.26112869
131203,0.191929755,0.220538013,0.033537177,0.012021333,0.003986958,0.003211256,0.006955911,0.004241938,0.125412584,0.144106066,0.021914184,0.007855095,0.002605196,0.00209833,0.004545198,0.002771808,0.642133727,0.557709369,0.005138125,0.003443536,0.01102181,0.15383831,0.51514063,0.21787662,0.787112623,0.683627204,0.006298195,0.004221007,0.013510278,0.18857143,0.63144743,0.26706811
131203,0.121023999,0.090413935,0.01426941,0.003254287,0.004232506,0.00542688,0.002110089,0.009394232,0.084528156,0.063148824,0.009966345,0.002272928,0.002956157,0.003790357,0.001473773,0.006561319,0.724797287,0.703212001,0.010263275,0.004668295,0.009249612,0.16178083,0.40837935,0.21189133,1.012604156,0.982447654,0.014338677,0.00652201,0.012922503,0.22602174,0.57054108,0.29603042
131217,0.508341928,0.458329114,0.142943755,0.045726217,0.025340396,0.010710587,0.005869756,0.006612096,0.164449717,0.148270463,0.046242615,0.01479253,0.008197673,0.003464898,0.001898879,0.002139027,0.121991111,0.1128,0.001259417,0.0008011,0.004368,0.05652818,0.1036483,0.057904,0.251058201,0.232142857,0.002591886,0.001648666,0.008989362,0.11633523,0.21330863,0.11916667
131217,0.432717678,0.446583783,0.068140233,0.03581549,0.012522128,0.00725848,0.005056208,0.010610073,0.345401432,0.356469555,0.054390508,0.028588435,0.009995342,0.005793822,0.004035938,0.008469112,0.430456847,0.340534109,0.003384311,0.004976959,0.00707898,0.13664778,0.29395161,0.14653444,0.640432151,0.506645424,0.005035166,0.007404701,0.010532081,0.20330407,0.43734015,0.21801341
131217,0.491985492,0.661823142,0.15410628,0.052169312,0.016666667,0.006646056,0.003835979,0.007502723,0.376678398,0.506711041,0.117988249,0.039942342,0.012760485,0.005088414,0.002936937,0.005744303,0.40609009,0.399058187,0.008902261,0.005059378,0.016114253,0.14648269,0.30796899,0.15979085,0.579548035,0.569512514,0.012704786,0.007220448,0.02299732,0.20905153,0.43951534,0.22804416
131217,0.444059845,0.479434104,0.088589939,0.044786209,0.039683145,0.029229675,0.011211382,0.016408147,0.329528573,0.355779154,0.06574095,0.033235015,0.029448125,0.021690799,0.008319759,0.012176182,0.375406406,0.375406406,0.005827179,0.005943935,0.017194954,0.15488196,0.31634084,0.13886043,0.466641578,0.466641578,0.007243361,0.007388492,0.021373851,0.19252298,0.39322128,0.17260774
140107,0.695573742,0.828537788,0.186986689,0.089310748,0.019203576,0.012619493,0.011830324,0.012248331,0.457316718,0.544736178,0.122937561,0.058718861,0.012625716,0.008296899,0.007778047,0.008052872,0.21603535,0.196829942,0.003061551,0.002564838,0.006943723,0.31742733,0.47931913,0.29824943,0.36496453,0.332519411,0.005172104,0.00433297,0.011730546,0.53625353,0.80974933,0.50385488
140107,0.739163664,0.890789183,0.207376685,0.107399577,0.02181678,0.021532875,0.012251259,0.023599188,0.520600615,0.627392037,0.146057544,0.075642633,0.015365784,0.015165827,0.008628688,0.016621153,0.257284741,0.276098798,0.005707909,0.006149872,0.009306502,0.33353763,0.63674386,0.37714195,0.332723129,0.357053651,0.007381524,0.007953075,0.012035259,0.4313341,0.82344335,0.48772364
140107,0.789222639,0.740591398,0.212671789,0.101339109,0.024517828,0.022159026,0.009099617,0.020982192,0.579444645,0.543739748,0.156142923,0.074402838,0.018000908,0.016269083,0.006680909,0.015405056,0.29627478,0.256523175,0.005147127,0.005638543,0.006234764,0.31722614,0.73535081,0.30543183,0.452721263,0.391979012,0.007865042,0.008615948,0.009527001,0.48473589,1.1236493,0.46671365
140107,0.844968201,0.935367827,0.258442609,0.106466618,0.031748049,0.010899454,0.014869654,0.02219618,0.5911524,0.654397332,0.180810318,0.074485639,0.02221141,0.007625421,0.010403033,0.015528779,0.229253715,0.20383657,0.005234316,0.003569026,0.006149996,0.28058387,0.51180782,0.32722598,0.296969697,0.264044944,0.006780405,0.004623229,0.007966555,0.36346154,0.66298342,0.4238806
140121,0.740007161,0.662498924,0.281051269,0.156607038,0.05773802,0.033914385,0.012939899,0.005540002,0.254534455,0.227874555,0.096670999,0.053866894,0.019859694,0.011665265,0.004450835,0.001905551,0.074328785,0.060531333,0.000852842,0.001886968,0.001748279,0.1173966,0.1623649,0.1279566,0.098428406,0.080157407,0.001129359,0.00249878,0.002315123,0.1554601,0.2150085,0.169444
140121,0.79980062,0.783235215,0.227659336,0.112832345,0.068338686,0.029780216,0.011321933,0.019735309,0.600172086,0.587741371,0.17083605,0.084669631,0.051281495,0.022347137,0.008496003,0.014809418,0.165491803,0.1513743,0.004329054,0.002494905,0.004879545,0.25872,0.540764,0.2382479,0.220830849,0.201992574,0.005776652,0.003329181,0.006511224,0.3452338,0.7215909,0.317916
140121,0.725068681,0.771843475,0.293050193,0.163802004,0.096015767,0.093402986,NA,0.024896037,0.539828353,0.574653137,0.218181818,0.121953917,0.071485688,0.069540419,NA,0.018535605,0.180541785,0.162706699,0.003647214,0.0036812,0.008697588,0.4476346,0.8328467,0.4179224,0.258212726,0.2327048,0.005216283,0.00526489,0.01243938,0.6402116,1.191146,0.5977169
140121,1.039168665,0.77752381,0.186884307,0.13975469,0.073666667,0.031755725,0.012706767,0.023357646,0.705721137,0.528032653,0.126917035,0.094910328,0.050028571,0.021565976,0.008629431,0.015862665,0.198559401,0.121708029,0.002876063,0.004981752,0.010461679,0.3120689,0.5122935,0.2700091,0.274001303,0.16795054,0.003968812,0.00687455,0.014436555,0.4306383,0.7069375,0.3725981
140204,1.052184674,1.112418378,0.373238111,0.30551946,0.126992782,0.069843911,0.041212078,0.029480467,0.758221201,0.801626577,0.268961387,0.220162237,0.091513041,0.050330645,0.029698086,0.021244099,0.176776644,0.16273066,0.002255778,0.004315015,0.004703447,0.22244455,0.46138989,0.1828011,0.301421949,0.277472134,0.003846329,0.007357534,0.00801985,0.37929031,0.78671615,0.31169425
140204,0.94048681,1.050273033,0.480931392,0.233836619,0.157127125,0.119042749,0.030274718,0.023553728,0.708022334,0.790672189,0.362057355,0.17603814,0.118289287,0.089618402,0.022791576,0.017731844,0.126573737,0.150473258,0.003921025,0.002630802,0.004058887,0.09691456,0.23989563,0.14770369,0.190745386,0.226761731,0.005908946,0.003964592,0.006116703,0.14604929,0.36152037,0.22258803
140204,0.937907277,0.935075431,0.321306669,0.166771629,0.090067466,0.038736943,0.018637855,0.019434791,0.634152265,0.632237554,0.217246797,0.112760194,0.060897798,0.026191416,0.012601712,0.013140549,0.191811024,0.199375,0.002967716,0.002139401,0.007691304,0.27709012,0.50916814,0.29248249,0.235239287,0.244515836,0.003639641,0.002623787,0.009432706,0.33982657,0.62444977,0.35870395
140204,1.104507498,0.921036877,0.279459635,0.154461424,0.115392648,0.028394121,0.011097066,0.031819661,0.687470705,0.573274398,0.173942063,0.09614032,0.071823021,0.01767315,0.006907067,0.019805284,0.191101879,0.176685673,0.002736877,0.001630902,0.006287964,0.1936069,0.55382666,0.27086614,0.228846813,0.211583231,0.003277443,0.001953025,0.007529913,0.2318466,0.66321413,0.32436548
140218,0.64967396,0.8577297,0.372628208,0.256565001,0.154685588,0.047629323,0.008087454,0.017032674,0.512095945,0.676092822,0.293718705,0.202233589,0.12192864,0.037543114,0.006374817,0.013425755,0.134873993,0.167865508,0.003441066,0.004124653,0.00647105,0.11771341,0.19682057,0.13733467,0.185769131,0.231210102,0.004739563,0.005681104,0.008912922,0.16213294,0.27109145,0.18915836
140218,0.725480912,0.847626645,0.452625415,0.265309003,0.151070336,0.121571395,0.020990826,0.035967607,0.581451613,0.679347826,0.362765957,0.212637363,0.121078431,0.097435897,0.016823529,0.028826979,0.153064516,0.092997297,0.005074027,0.002085714,0.005616098,0.2197985,0.39626029,0.21629465,0.403201724,0.244972978,0.013365975,0.005494177,0.014793894,0.57899203,1.04382671,0.56976221
140218,0.903407235,1.004592238,0.527711378,0.430303744,0.236453796,0.106006896,0.018841678,0.018555712,0.590790905,0.656961705,0.345101379,0.281400822,0.154630987,0.069324119,0.012321677,0.012134667,0.097439853,0.094675623,0.002598871,0.00598783,0.003281537,0.06107571,0.18895329,0.09917408,0.143873724,0.139792231,0.003837334,0.008841263,0.004845317,0.09018065,0.27899686,0.14643438
140218,0.749537227,0.732408786,0.440353551,0.255070863,0.145010779,0.081282739,0.013941253,0.014076901,0.510911502,0.499236141,0.3001608,0.173865464,0.098844557,0.055405235,0.009502859,0.009595322,0.094995375,0.101945989,0.0028014,0.002232366,0.003043039,0.09372932,0.25475231,0.11299835,0.165925794,0.178066238,0.004893128,0.003899211,0.005315192,0.16371441,0.44496881,0.19737109
140304,1.024737433,1.101918632,0.739116259,0.543404098,0.424641968,0.44291248,0.11174518,0.0596573,0.789371623,0.848825534,0.569353068,0.418592862,0.327108495,0.34118256,0.0860791,0.04595497,0.153811036,0.164587451,0.003785019,0.004965943,0.00468699,0.12092297,0.21448166,0.11300034,0.152787903,0.163492634,0.003759842,0.004932911,0.004655812,0.12011861,0.21305495,0.11224867
140304,0.761953541,0.791068924,0.627386692,0.424779123,0.409245066,0.3590225,0.09934555,0.0818152,0.537272832,0.557802829,0.442386322,0.299522569,0.28856911,0.25315591,0.07005108,0.05768998,0.114495248,0.104263207,0.008472504,0.006514495,0.009175879,0.05904245,0.07940148,0.10045632,0.157597108,0.143513203,0.011661987,0.008966884,0.012630148,0.08126905,0.10929225,0.13827321
140304,0.745219638,0.692929801,0.554651163,0.338658025,0.276229433,0.18630491,0.05369536,0.03731953,0.557733426,0.518598937,0.415109154,0.253456687,0.206734203,0.13943336,0.0401864,0.02793049,0.108277316,0.094743327,0.00462268,0.002759611,0.004948272,0.05064584,0.12911535,0.05587497,0.165524691,0.144835137,0.007066741,0.004218648,0.007564476,0.07742284,0.19738002,0.08541667
140304,0.787071041,0.650664405,0.45814919,0.241791934,0.279497591,0.18023368,0.04206643,0.03467546,0.507431449,0.419488921,0.295372711,0.155885333,0.180194493,0.1161982,0.02712058,0.02235556,0.14712434,0.144361842,0.004546525,0.002956671,0.004774097,0.06584345,0.11582501,0.0621005,0.190176092,0.186605228,0.005876936,0.003821857,0.006171101,0.08511066,0.1497179,0.08027244
140320,1.112551867,1.269054379,1.009854772,0.747634855,0.838155667,0.47395398,0.21652197,0.09188904,0.733359133,0.836520657,0.665664444,0.492817337,0.552485804,0.31241553,0.14272446,0.06057036,0.164721386,0.17835937,0.003568119,0.004413655,0.007261332,0.018799657,0.029707219,0.019590969,0.286360432,0.310069432,0.006203008,0.007672932,0.012623487,0.032682325,0.051644613,0.034057984
140320,1.187176672,1.067975011,1.041091931,0.775722288,0.791296176,0.50157632,0.35214037,0.18150507,0.928541854,0.835309116,0.814282705,0.606725712,0.618906718,0.39230438,0.2754241,0.14196291,0.200529922,0.172534915,0.00802395,0.007794245,0.00698608,0.022508865,0.046927312,0.035509383,0.326520376,0.280936455,0.013065297,0.012691272,0.011375347,0.036650905,0.076411157,0.057819486
140320,1.02451716,1.101212748,0.973619092,0.799944833,0.731004434,0.59768462,0.25356619,0.10349577,0.838096875,0.900836998,0.796460177,0.654387541,0.597991479,0.48893043,0.2074275,0.08466376,0.172813557,0.169473684,0.006130866,0.006272727,0.005508309,0.029302936,0.054151451,0.047119917,0.239230769,0.234607287,0.008487134,0.008683516,0.00762531,0.040564896,0.074963409,0.065229454
140320,1.262600347,0.855800165,0.847919564,0.638756255,0.533483139,0.36751775,0.13786533,0.09203796,0.942299334,0.63869769,0.632816269,0.476714263,0.398147211,0.27428452,0.10289116,0.06868944,0.133897289,0.119313143,0.002193806,0.002509456,0.00377247,0.02365882,0.045932009,0.025152375,0.233941727,0.208460701,0.003832958,0.004384454,0.006591157,0.041336051,0.080251166,0.043945551
140401,1.031373138,1.268554775,1.131231635,0.954948623,1.271797806,0.84987666,0.35622428,0.19551101,0.838083307,1.03081469,0.919227305,0.775981524,1.033449943,0.69060111,0.28946422,0.15887026,0.288875403,0.293336689,0.008411933,0.00338018,0.007923739,0.02148474,0.0301156,0.03008376,0.433777095,0.44047619,0.012631411,0.005075699,0.011898336,0.03226162,0.04522176,0.04517396
140401,1.105371901,0.983196055,1.112514029,1.057755958,1.142335517,0.77392409,0.25771736,0.14362374,0.866842591,0.771031193,0.872443513,0.82950174,0.895829792,0.60691824,0.20210427,0.11263103,0.31968032,0.264621285,0.006957672,0.006518724,0.007207207,0.02429037,0.01351135,0.01498599,0.427661228,0.354004474,0.009307819,0.008720604,0.009641642,0.03249511,0.01807518,0.02004793
140401,0.997166123,1.003551675,1.220131291,1.111261763,1.35534542,0.83034592,0.40411225,0.22286025,0.776837652,0.781812287,0.950537634,0.865723333,1.055875576,0.64687715,0.31482178,0.17361825,0.305848847,0.262030491,0.006683616,0.005131538,0.00779661,0.01099892,0.02602906,0.02410666,0.449385246,0.385002716,0.00982027,0.007539794,0.011455598,0.01616077,0.03824462,0.03542004
140401,1.008090615,0.834428356,1.064474602,0.768119214,0.951456311,0.59004327,0.16127503,0.10889858,0.773131313,0.639945141,0.816373682,0.589090909,0.72969697,0.45251976,0.12368608,0.0835172,0.295906433,0.298257713,0.006410003,0.003263647,0.005712281,0.03266018,0.06404605,0.04304552,0.437923839,0.441403594,0.009486421,0.004830003,0.008453834,0.04833512,0.09478433,0.0637048
140415,0.784015722,0.908060912,1.03444765,0.851175162,1.040367968,0.63724248,0.36812486,0.13361813,0.600853837,0.695919568,0.792779815,0.652323477,0.797317028,0.48836978,0.28212347,0.10240224,0.593484699,0.565744947,0.044292867,0.019190768,0.011101922,0.020850791,0.037847933,0.023459676,0.742936288,0.708211099,0.055446718,0.024023396,0.013897614,0.026101446,0.047378817,0.029367303
140415,0.933046683,1.377881558,1.306367384,1.239055957,1.279176904,0.92597179,0.47754446,0.37287328,0.625623583,0.92389289,0.875941427,0.830807977,0.857709751,0.62087975,0.32020164,0.25001784,0.564096016,0.619340714,0.029268711,0.019763525,0.01545263,0.033452706,0.038674241,0.047787806,0.535899158,0.588382398,0.027805687,0.018775627,0.014680216,0.031780542,0.036741073,0.045399089
140415,0.882644824,1.114030634,1.329099036,1.070025719,1.194213444,0.70457245,0.61086494,0.17616692,0.577764574,0.729225864,0.870006051,0.700420981,0.781712193,0.46120137,0.399862,0.11531592,0.410921784,0.426691551,0.025853582,0.014408946,0.010780157,0.027377308,0.083664846,0.031246937,0.578530431,0.600732442,0.036398859,0.020286132,0.015177217,0.038544089,0.117790444,0.04399208
140415,0.702052576,0.986374408,1.197598018,1.135998352,1.265348988,0.67425406,0.88422424,0.18256944,0.45178647,0.634753902,0.770681,0.731040242,0.814280258,0.4338975,0.56901799,0.1174875,0.504222709,0.507344967,0.015209235,0.00863204,0.009724575,0.023412941,0.040511582,0.036144234,0.531022162,0.534310368,0.016017607,0.009090833,0.010241436,0.02465734,0.042664774,0.038065302
140428,0.325516577,0.503565981,0.664113286,0.580468928,0.627418621,0.44777065,0.18105151,0.10273634,0.279797766,0.432840126,0.570838557,0.498942052,0.539297659,0.38488125,0.15562282,0.08830702,0.765898702,0.688997659,0.024607292,0.007099882,0.00973443,0.01207585,0.014169283,0.014948641,0.848490352,0.763296588,0.02726085,0.007865507,0.010784155,0.013378065,0.015697246,0.016560647
140428,0.36670354,0.471514069,0.82951277,0.582463398,0.685248714,0.26892135,0.09238253,0.08403105,0.210224399,0.27031035,0.475544425,0.333915561,0.392840493,0.15416767,0.0529612,0.04817346,0.869970501,0.891290944,0.023813008,0.01041275,0.015868065,0.014799776,0.01383283,0.018300855,0.824002167,0.84419606,0.022554754,0.009862552,0.015029613,0.014017772,0.013101918,0.017333857
140428,0.289877219,0.422181392,0.732172568,0.596057987,0.674060914,0.37776015,0.12765268,0.07719237,0.180416714,0.262761523,0.455696965,0.370980596,0.419528846,0.23511418,0.07944976,0.04804377,0.746302877,0.672958943,0.015631925,0.00618711,0.007201538,0.010045192,0.009927143,0.01397878,0.721333636,0.650443588,0.015108924,0.005980107,0.006960595,0.009709108,0.009595008,0.013511088
140428,0.425534728,0.508291208,0.956845602,0.710684171,0.780825017,0.48534046,0.18386167,0.07392042,0.225091151,0.268866078,0.506133728,0.375924003,0.413025755,0.25672604,0.0972556,0.039101,0.743364341,0.625669732,0.013521565,0.003726275,0.00538843,0.00827588,0.010424932,0.008259406,0.839915616,0.706934339,0.015277803,0.004210259,0.006088302,0.009350785,0.011778966,0.009332173
140513,0.172319392,0.304180064,0.391954023,0.297297297,0.275,0.12822857,0.05777448,0.0273,0.135244613,0.238735263,0.307624521,0.233333333,0.215833333,0.10064,0.04534421,0.02142636,0.81198032,0.807833645,0.046732243,0.010277924,0.008456033,0.026049843,0.039199302,0.03547515,0.980179707,0.97517406,0.056412692,0.012406966,0.010207675,0.031445993,0.047319325,0.042823725
140513,0.198809748,0.356743418,0.4373565,0.243064359,0.283977555,0.13295649,0.05555264,0.06263965,0.138466901,0.248464454,0.304609808,0.169289327,0.197784527,0.09260146,0.03869127,0.04362723,0.944915051,0.81412922,0.057459063,0.013877551,0.015186441,0.024166667,0.039169719,0.036725738,1.104526842,0.951649119,0.067164849,0.016221699,0.017751682,0.028248817,0.045786133,0.042929323
140513,0.188050314,0.421582837,0.495095837,0.474152318,0.366362478,0.2996977,0.13744909,0.10052796,0.122696629,0.2750689,0.323033708,0.309368752,0.239039436,0.19554286,0.089681,0.06559118,0.832555556,0.774970051,0.048296958,0.013141982,0.010567962,0.021049724,0.039062367,0.022687819,1.023113636,0.95234777,0.059351326,0.016149962,0.012986792,0.025867654,0.048003091,0.027880682
140513,0.143080228,0.222106842,0.384826828,0.172537743,0.152472467,0.06575634,0.03794126,0.01866074,0.104548346,0.162292885,0.28119195,0.126072874,0.111411231,0.04804798,0.02772358,0.01363536,0.753626715,0.80876494,0.040996016,0.009653693,0.006080467,0.021492473,0.033421395,0.022713897,0.970519444,1.041526375,0.052794613,0.012432012,0.007830417,0.027677977,0.043040026,0.029250925
140527,0.07797066,0.138866644,0.228047702,0.090277498,0.181258856,0.087301646,0.049622976,0.029725867,0.054825636,0.097645089,0.160353398,0.063479279,0.127453481,0.061386787,0.034892756,0.02090196,0.899479801,0.935900097,0.044454513,0.0090438,0.010442136,0.02489729,0.07090366,0.03553932,1.117782435,1.163041892,0.055243568,0.011238718,0.012976429,0.03093983,0.08811189,0.04416467
140527,0.06721155,0.120550688,0.207699665,0.090664629,0.088730159,0.034313725,0.007814443,0.013948962,0.045422236,0.081469358,0.140365506,0.061272061,0.059964727,0.023189558,0.005281078,0.009426848,0.804392813,0.838168923,0.056368564,0.017190083,0.015340709,0.06677629,0.04473187,0.03978015,0.994877186,1.036651654,0.069716931,0.021260783,0.018973468,0.08258926,0.05532461,0.0492003
140527,0.081882365,0.091681567,0.17216452,0.1505964,0.154800624,0.054806288,0.013146639,0.02445977,0.06131527,0.068653122,0.128920482,0.112769811,0.115918025,0.041040123,0.009844485,0.018316,0.755198367,0.765040172,0.036412316,0.007966457,0.008193873,0.01905734,0.02828283,0.02469136,0.927285155,0.939369609,0.044709578,0.009781771,0.010061008,0.02339993,0.03472763,0.03031777
140527,0.085913529,0.09442581,0.184150295,0.124149444,0.106161004,0.038251046,0.024633341,0.035020347,0.061344487,0.067422477,0.131488085,0.088645922,0.075801709,0.027312239,0.017588844,0.025005436,0.837440397,0.826057182,0.037812886,0.014393328,0.008054237,0.01890852,0.04138933,0.02298584,1.015500475,1.001696913,0.04585282,0.017453698,0.009766763,0.02292893,0.0501897,0.02787318
140610,0.033065033,0.033699572,0.05302439,0.018883019,0.030710634,0.010626485,0.007725898,0.007903819,0.026254468,0.026758308,0.042102699,0.014993592,0.024385016,0.008437697,0.006134557,0.006275831,1.18218971,1.346122753,0.079016353,0.010875078,0.015194266,0.022912512,0.025565413,0.013857263,0.940421532,1.070828828,0.062856815,0.008651029,0.012086905,0.018226702,0.020337061,0.011023331
140610,0.059726262,0.121510505,0.127938913,0.112455145,0.137200421,0.047361237,0.013570573,0.026375761,0.043863617,0.089238639,0.093959732,0.082588283,0.100761484,0.034782609,0.009966377,0.019370646,0.850013694,0.870132361,0.072402885,0.021537705,0.031421446,0.022334408,0.042230424,0.026618537,1.106245725,1.132429056,0.094228344,0.02803013,0.040893271,0.029066994,0.054960557,0.03464255
140610,0.062288916,0.112380952,0.142156541,0.185883148,0.122163035,0.07810584,0.012063147,0.019128069,0.047380619,0.085483573,0.10813264,0.141393673,0.092924401,0.059411903,0.00917594,0.014549936,1.189689359,1.03475307,0.059925094,0.023460037,0.019602615,0.025181881,0.035417684,0.033107684,1.323529412,1.151162791,0.066666667,0.026099291,0.02180791,0.028014842,0.039402174,0.036832298
140610,0.048120682,0.104905262,0.157506245,0.147665774,0.122261785,0.106187216,0.015379273,0.017403438,0.038400306,0.083714403,0.125689989,0.117837293,0.097564909,0.084737402,0.012272661,0.013887944,0.947575758,0.971696519,0.04868476,0.009729769,0.011544468,0.021821476,0.035975758,0.02848706,1.013131313,1.038920807,0.052052888,0.010402898,0.012343142,0.023331137,0.038464646,0.030457863
140623,0.02748642,0.03279195,0.025002405,0.039428571,0.006727694,0.017420223,0.007645009,0.013248623,0.021511111,0.025663265,0.0195671,0.030857143,0.005265152,0.013633218,0.005983051,0.010368488,1.119713921,1.193572601,0.06303926,0.022249954,0.008448798,0.023104641,0.044948373,0.025152405,1.242849003,1.324829932,0.069971695,0.024696785,0.009377914,0.025645462,0.049891352,0.027918418
140623,0.017395247,0.068314601,0.101130339,0.152743271,0.102678571,0.07983133,0.015997861,0.015227147,0.012561402,0.049331126,0.073027924,0.110298493,0.074145929,0.05764755,0.011552326,0.010995779,0.94876117,1.079730895,0.062690087,0.016320286,0.019099048,0.016471631,0.017062117,0.012165378,1.241961289,1.413405203,0.082063499,0.02136382,0.025001316,0.021561936,0.022334903,0.015924901
140623,0.01214982,0.031879291,0.028652349,0.032331501,0.022573636,0.017877217,0.006827341,0.009286277,0.011948845,0.031351965,0.028178401,0.031796695,0.022200237,0.017581503,0.006714407,0.009132669,0.882894737,0.965155026,0.048304094,0.011368768,0.011717082,0.014843631,0.02964273,0.020399045,0.897175325,0.980766152,0.049085399,0.011552655,0.011906603,0.015083723,0.030122194,0.020728994
140623,0.011223328,0.045235757,0.029351634,0.038625089,0.06556391,0.024543394,0.00438191,0.017320092,0.00712674,0.028724409,0.018638095,0.024526678,0.041632653,0.015584895,0.002782484,0.010998145,0.921625544,1.009433962,0.040602725,0.012775063,0.023962264,0.008237028,0.018664075,0.015559912,0.881355932,0.965327639,0.038828625,0.012216867,0.022915254,0.007877119,0.017848565,0.014880035
140708,0.032301102,0.06941845,0.099160707,0.078959655,0.079536119,0.074844016,0.02256671,0.007555386,0.027051602,0.058136727,0.083045342,0.066127317,0.066610096,0.062680542,0.018899222,0.006327503,0.999141702,0.876672936,0.085231978,0.020837586,0.01854837,0.022674734,0.031510989,0.015480401,1.205130883,1.057413204,0.102803925,0.02513359,0.022372415,0.027349497,0.038007488,0.018671936
140708,0.038096062,0.040015191,0.049633099,0.084879698,0.065667947,0.055487965,0.012422397,0.015179879,0.031104907,0.032671849,0.040524738,0.069303097,0.053616969,0.045305154,0.010142715,0.012394161,1.043074588,1.020643931,0.065046116,0.025349221,0.025255185,0.038331763,0.048133836,0.023072108,1.275192361,1.247770158,0.079520977,0.030990242,0.03087528,0.046861818,0.058845168,0.028206397
140708,0.018616291,0.036035095,0.027891278,0.032425588,0.020926507,0.017372921,0.010941679,0.009755904,0.012952217,0.025071287,0.019405256,0.022559986,0.014559542,0.012087147,0.007612633,0.006787635,1.049376539,1.05101207,0.084513547,0.032188638,0.019465539,0.020245956,0.034091421,0.021739819,1.05887613,1.060526466,0.085278614,0.032480029,0.019641753,0.020429235,0.034400037,0.021936621
140708,0.023598806,0.044720444,0.081473829,0.078787879,0.06120807,0.062938261,0.037010901,0.009706873,0.016341954,0.030968491,0.056419869,0.054559873,0.042386019,0.04358416,0.025629705,0.006721919,0.935055411,1.063651138,0.084065934,0.019209637,0.02022977,0.029069529,0.04122291,0.018351648,1.033309096,1.175417396,0.092899408,0.021228145,0.022355473,0.032124094,0.045554528,0.020280002
140722,0.028900994,0.094590315,0.099410155,0.078725037,0.048616437,0.055314685,0.035722775,0.017550077,0.02444801,0.080016107,0.084093319,0.066595305,0.041125754,0.046791955,0.030218711,0.014846011,0.9526519,0.863130145,0.077221756,0.022607751,0.014673112,0.014879632,0.022439593,0.016258071,1.264700212,1.145854931,0.102516324,0.03001309,0.019479401,0.019753567,0.02978985,0.021583525
140722,0.019284314,0.015281909,0.019119842,0.010528288,0.012180516,0.015714143,0.005372889,0.003710684,0.012744828,0.010099675,0.01263613,0.00695805,0.008049992,0.010385334,0.003550893,0.002452357,0.944444444,1.065109314,0.084845613,0.024062279,0.024038262,0.025521132,0.019344043,0.011582982,1.232608696,1.390090238,0.11073329,0.031404043,0.031372698,0.033308015,0.025246202,0.015117125
140722,0.013059945,0.025065064,0.030402494,0.025125755,0.027681871,0.020177129,0.010050302,0.009253521,0.009440313,0.018118151,0.021976285,0.018162021,0.020009696,0.014584933,0.007264808,0.00668886,1.246425568,1.02073963,0.069660624,0.014256685,0.013764631,0.014882724,0.020783831,0.013487108,1.419936373,1.162833438,0.079357851,0.016241312,0.015680761,0.016954499,0.02367708,0.015364604
140722,0.024292713,0.038441525,0.062180047,0.028671916,0.03625869,0.033803382,0.019069067,0.01500374,0.018164347,0.028743812,0.046493774,0.0214388,0.027111645,0.025275742,0.014258479,0.011218719,0.874981714,0.853906676,0.067435459,0.011436819,0.009816834,0.008781043,0.021663806,0.019982916,1.171740048,1.143517211,0.090306834,0.015315724,0.013146306,0.011759217,0.029011291,0.026760311
140805,0.02684191,0.038898675,0.02445837,0.047773713,0.04468775,0.027839161,0.016994286,0.010670776,0.02055301,0.029784948,0.01872792,0.036580617,0.034217677,0.021316611,0.013012626,0.008170677,0.998751561,0.941750574,0.083522253,0.031994834,0.025494832,0.03545116,0.06153089,0.03036613,1.016140991,0.958147551,0.084976473,0.032551901,0.025938726,0.03606841,0.06260221,0.03089484
140805,0.020571026,0.01834,0.01971,0.016297854,0.01827058,0.018105259,0.01375284,0.007615548,0.016635082,0.014830928,0.0159388,0.013179515,0.014774791,0.014641101,0.011121449,0.006158433,0.903561823,0.914696605,0.083731982,0.018619129,0.01841293,0.03481497,0.05765346,0.0356624,1.166863905,1.181243414,0.108131868,0.024044829,0.023778543,0.04496021,0.07445394,0.04605459
140805,0.017166019,0.026094505,0.020392191,0.032528031,0.017768828,0.013306251,0.00764123,0.0064495,0.012771257,0.019413915,0.01517148,0.02420036,0.013219738,0.009899648,0.005684959,0.00479833,0.975369458,0.895698191,0.095001582,0.02941968,0.024910666,0.04569786,0.06916836,0.03995402,1.243027888,1.141493432,0.121071677,0.037492955,0.031746589,0.05823816,0.08814936,0.0509181
140805,0.008239226,0.016267869,0.006654802,0.007632857,0.00936422,0.008242557,0.002779347,0.013520157,0.006602363,0.01303598,0.005332712,0.00611646,0.007503858,0.006605033,0.002227182,0.010834148,1.131698884,1.058562271,0.064169312,0.021646859,0.020170868,0.03162985,0.04290733,0.03323922,1.087180147,1.016920579,0.061645022,0.020795316,0.019377387,0.03038559,0.04121944,0.03193165
140819,0.031285141,0.033913295,0.008272416,0.018519831,0.007762281,0.010153497,0.008422922,0.013978467,0.026501458,0.028727751,0.007007514,0.015688039,0.006575383,0.008600967,0.007135008,0.011841077,0.944807635,0.89067162,0.083324713,0.042199921,0.017992169,0.038054403,0.048192809,0.022100631,1.148396691,1.082595338,0.101279691,0.051293245,0.021869158,0.046254443,0.058577492,0.026862919
140819,0.010324635,0.018295574,0.012040406,0.007315136,0.006707453,0.00886129,0.005671154,0.007095985,0.008528389,0.01511257,0.009945656,0.006042473,0.005540512,0.007319632,0.004684505,0.005861448,1.037341372,0.878217646,0.106645712,0.021295753,0.017824866,0.025768811,0.030901047,0.017355736,1.236030041,1.046428323,0.127072251,0.025374665,0.021238978,0.030704478,0.036819724,0.020679992
140819,0.009737792,0.019893701,0.010447244,0.009101996,0.00816383,0.005894656,0.00363307,0.014516606,0.007158534,0.014624438,0.007680073,0.006691142,0.006001469,0.004333333,0.002670776,0.010671579,1.078573901,0.916761289,0.081337079,0.018164628,0.015783008,0.019542056,0.049122302,0.025277683,1.099828305,0.93482701,0.08293991,0.01852258,0.016094028,0.019927152,0.050090307,0.025775805
140819,0.011726991,0.010405004,0.011763185,0.00869682,0.008551742,0.009860288,0.010303781,0.009032669,0.008722551,0.007739256,0.008749472,0.006468706,0.006360796,0.007334095,0.007663965,0.006718511,1.031494141,0.826818648,0.070915222,0.016121711,0.012374972,0.031096562,0.058293863,0.031222484,1.076722756,0.86307272,0.07402469,0.01682861,0.012917586,0.032460074,0.060849913,0.032591517
140902,0.02628222,0.016753031,0.011117771,0.010357013,0.014516215,0.006567836,0.002647543,0.011139045,0.019469294,0.012410279,0.008235801,0.007672249,0.010753295,0.004865309,0.001961242,0.008251561,0.797102242,0.841796771,0.053103902,0.014562743,0.014318304,0.021491996,0.023152459,0.014255867,0.807157711,0.852416063,0.053773809,0.014746453,0.01449893,0.021763118,0.023444528,0.014435705
140902,0.016171429,0.028049793,0.018534351,0.025797101,0.035329949,0.020588235,0.016,0.01,0.011983574,0.020785843,0.01373458,0.019116523,0.026180685,0.015256577,0.01185654,0.007410338,0.93157092,0.890949632,0.057602347,0.017638867,0.019769857,0.023110739,0.034497005,0.018409156,0.653611557,0.625110728,0.04041513,0.012375835,0.013870986,0.016215025,0.024203891,0.012916287
140902,0.02585515,0.018839444,0.016348987,0.018644037,0.024622541,0.017466846,0.004805177,0.012631235,0.018289398,0.013326633,0.011564935,0.013188406,0.017417476,0.012355685,0.003399083,0.008935075,0.869185932,0.917629242,0.05148728,0.020414582,0.025543689,0.031522824,0.0341674,0.015779186,0.855612308,0.903299104,0.05068323,0.020095778,0.025144787,0.031030549,0.033633825,0.015532771
140902,0.012267021,0.009397555,0.007997416,0.007419258,0.009797637,0.01094035,0.003907734,0.008696502,0.008855385,0.006783959,0.005773219,0.005355855,0.007072773,0.007897681,0.002820937,0.00627788,0.816990869,0.885812506,0.045161727,0.011959084,0.014895414,0.021114239,0.02380158,0.018299117,0.914772727,0.991831307,0.050566925,0.013390411,0.016678177,0.023641304,0.026650281,0.020489253
140916,0.014130867,0.024,0.019580059,0.008028116,0.011888926,0.007945671,0.00618285,0.016052402,0.010513887,0.017856887,0.014568288,0.005973215,0.0088458,0.005911873,0.004600269,0.011943581,0.934596062,0.937869367,0.06108545,0.008014171,0.01154536,0.01435112,0.024810542,0.017744966,0.973754431,0.977164883,0.063644852,0.008349955,0.012029096,0.014952414,0.025850072,0.018488457
140916,0.015557686,0.010693361,0.00986938,0.008880109,0.0085239,0.006856308,0.001149662,0.006666698,0.011377564,0.007820212,0.007217622,0.006494154,0.006233653,0.005014119,0.000840764,0.004875454,0.771129873,1.073158915,0.058486804,0.018461708,0.015708615,0.020091403,0.015501407,0.009513479,0.831304999,1.15690288,0.063050822,0.019902367,0.016934437,0.021659236,0.01671106,0.010255864
140916,0.009366689,0.004702932,0.007599522,0.003612565,0.006840013,0.003486431,0.001328027,0.004745886,0.006284279,0.003155281,0.005098655,0.002423735,0.004589087,0.002339109,0.000890997,0.0031841,0.799302054,1.070098174,0.041335002,0.008543716,0.010677315,0.012418088,0.009262086,0.010193292,0.817207284,1.09406953,0.042260951,0.008735104,0.010916499,0.012696267,0.009469566,0.010421633
140916,0.010430845,0.014020255,0.015058605,0.00781829,0.015967513,0.005512218,0.001613853,0.008481003,0.007435672,0.009994398,0.01073459,0.005573301,0.011382509,0.003929407,0.001150442,0.006045718,0.796551103,0.953451043,0.042042281,0.008802468,0.011460674,0.014572916,0.048539326,0.022978531,0.83884992,1.004081633,0.044274829,0.009269901,0.012069264,0.015346774,0.051116883,0.024198748