sma,coef.RNA.log.ACT2,r.sqr.RNA.log.ACT2,aic.RNA.log.ACT2,loglik.RNA.log.ACT2,coef.RNA.ACT2,r.sqr.RNA.ACT2,aic.RNA.ACT2,loglik.RNA.ACT2,coef.RNA.log.PP2A,r.sqr.RNA.log.PP2A,aic.RNA.log.PP2A,loglik.RNA.log.PP2A,coef.RNA.PP2A,r.sqr.RNA.PP2A,aic.RNA.PP2A,loglik.RNA.PP2A
1,1.81130133809824,0.478506652088127,486.594868122364,-240.297434061182,1.29611486041993,0.313596267324673,492.191772072458,-243.095886036229,1.79568366895957,0.482567594543642,478.025456151169,-236.012728075585,2.4622145767431,0.170304587946404,904.892982869157,-449.446491434578
2,2.13901742875533,0.506664537686425,475.493443103101,-234.746721551551,1.57279565318268,0.350601527055191,481.107876467243,-237.553938233622,2.10940626913239,0.505744073716302,468.906192258629,-231.453096129314,3.02650905825281,0.195420606416156,898.775919564613,-446.387959782306
3,1.70492969856023,0.418318465599114,508.440185630124,-251.220092815062,1.26111878684421,0.292943196323452,498.120776297671,-246.060388148836,1.67053850153853,0.412503700034069,503.296674889328,-248.648337444664,2.44693909358853,0.166125863508147,905.892722150164,-449.946361075082
4,1.83256699573781,0.441358465063979,500.357165619655,-247.178582809828,1.37960497965125,0.320153745277339,490.271910153406,-242.135955076703,1.79206659756548,0.433570989838844,496.029555378743,-245.014777689372,2.68728953883803,0.18300245320252,901.823891866931,-447.911945933465
5,2.06072023668083,0.488157112776663,482.859107798085,-238.429553899043,1.55197506803362,0.354379320524421,479.941004401011,-236.970502200505,2.0127179770774,0.478313403819758,479.65489163001,-236.827445815005,3.02051658297291,0.202201890478156,897.091567928183,-445.545783964091
6,2.39213869567332,0.54595744083289,458.893751648178,-226.446875824089,1.80208467493086,0.396564473016942,466.426415428937,-230.213207714469,2.33626747470129,0.534795077818956,456.851677497039,-225.42583874852,3.5069901706747,0.226197310022271,891.014376324995,-442.507188162498
7,2.40177923559123,0.570111940476258,447.960534008407,-220.980267004204,1.78913369528268,0.404908502402612,463.641609070841,-228.82080453542,2.34029202884106,0.555781454823383,447.665570603269,-220.832785301634,3.47478731277777,0.229983384858988,890.038315978471,-442.019157989236
8,2.53516440154593,0.611683048883428,427.619942482041,-210.80997124102,1.87705719810912,0.429186985455706,455.310912006474,-224.655456003237,2.46939348793,0.595714126757061,428.920879941465,-211.460439970732,3.64394583718229,0.243487791774621,886.51732503056,-440.25866251528
9,2.67791335768076,0.651589585916237,405.931791527256,-199.965895763628,1.97720823873581,0.454635406764313,446.189484713511,-220.094742356755,2.61119307429702,0.63584606800185,408.116312225163,-201.058156112581,3.84001509460203,0.258116605765194,882.631533485169,-438.315766742585
10,2.70576662345201,0.666023031187966,397.469971376167,-195.734985688083,1.98126170867101,0.457056205805555,445.299735792425,-219.649867896213,2.64062867063735,0.651177573182171,399.556589644192,-196.778294822096,3.85503620637446,0.260506012678251,881.989573652417,-437.994786826208
11,2.7015971262593,0.674737716227947,392.181941156752,-193.090970578376,1.97132967898647,0.459821927258267,444.278344738214,-219.139172369107,2.63828338409375,0.66063803395045,394.084944780262,-194.042472390131,3.84118504775581,0.262861638481899,881.354656053667,-437.677328026833
12,2.71916697878319,0.689152694457029,383.115926916473,-188.557963458236,1.97488360527306,0.465268931485598,442.251363798947,-218.125681899474,2.65561236741774,0.674822584971449,385.588369454031,-189.794184727016,3.84980843284093,0.266203980950945,880.450295798243,-437.225147899122
13,2.75668132489012,0.699028816422703,376.658469295321,-185.329234647661,2.00038665342325,0.471115278203634,440.052673011655,-217.026336505827,2.69273155536458,0.684714877758882,379.440553723615,-186.720276861807,3.90143071183834,0.269803453642262,879.471743685548,-436.735871842774
14,2.74829693439744,0.692400434455348,381.015329432233,-187.507664716117,1.99984914976722,0.469247363652526,440.757788387798,-217.378894193899,2.68482112658499,0.678417864592218,383.375899568458,-188.687949784229,3.89713580025514,0.268308050862453,879.878868111104,-436.939434055552
15,2.74052937989169,0.689342434932011,382.993810106228,-188.496905053114,1.99779770126758,0.468863525146032,440.902375433343,-217.451187716671,2.6748556044882,0.674321987813658,385.894486142558,-189.947243071279,3.89418139339564,0.26827181857015,879.888722049859,-436.944361024929
16,2.75388733225157,0.693728735696042,380.149803168931,-187.074901584466,2.00535494565951,0.470822485310162,440.163363249279,-217.08168162464,2.68643360451336,0.677944965536836,383.668321862757,-188.834160931378,3.91024110502134,0.269603392983711,879.526258621769,-436.763129310885
17,2.79226959654407,0.700028865353668,375.992814823137,-184.996407411568,2.03024924956114,0.473671561873089,439.083659823723,-216.541829911862,2.72210640451953,0.683211208910778,380.387375476417,-187.193687738209,3.95894285861916,0.271255977852037,879.075493941741,-436.53774697087
18,2.80357223779598,0.703034779584464,373.978570180379,-183.989285090189,2.03195281723388,0.472669836233081,439.463944648433,-216.731972324216,2.73147570611706,0.685380908529086,379.019727287536,-186.509863643768,3.96276061399714,0.270775307049609,879.206708682027,-436.603354341014
19,2.81509387206526,0.706898902250055,371.359082990538,-182.679541495269,2.03097465539116,0.470931665236709,440.12209498369,-217.061047491845,2.74195926635169,0.688882536686792,376.792491969572,-185.396245984786,3.9600073573944,0.269706383967525,879.498196264002,-436.749098132001
20,2.83539197272467,0.707591339290678,370.886033752036,-182.443016876018,2.04417445267887,0.470727479114693,440.199267143665,-217.099633571832,2.75970069618685,0.688623281742482,376.958250103312,-185.479125051656,3.98547870666841,0.269584416913451,879.531428674439,-436.76571433722
21,2.84657642283748,0.714215708010316,366.303024874392,-180.151512437196,2.04858476489653,0.473444330153684,439.169987168285,-216.584993584143,2.76978967263665,0.694680732080211,373.048799050601,-183.5243995253,3.99500656531042,0.27127059974704,879.071501063296,-436.535750531648
22,2.8697541233378,0.723072895956414,360.006426238164,-177.003213119082,2.0580896586241,0.475990875192077,438.200394416304,-216.100197208152,2.79139270819202,0.702880587541706,367.631245132921,-180.81562256646,4.01305987976695,0.272688618931562,878.683893915813,-436.341946957907
23,2.9089738762013,0.731728891915451,353.655177691153,-173.827588845576,2.08066948801255,0.479130810503885,436.998361712375,-215.499180856188,2.82783377734701,0.710471379990993,362.481131523794,-178.240565761897,4.05716368302695,0.274511127796514,878.184610613018,-436.092305306509
24,2.93582946775183,0.739593116318801,347.704633389388,-170.852316694694,2.09031705581188,0.479880252984126,436.710388388766,-215.355194194383,2.8536791270027,0.718046168306685,357.205479910703,-175.602739955352,4.08035574600168,0.275558753800317,877.897041428283,-435.948520714142
25,2.94047516539363,0.747134935426705,341.826765355408,-167.913382677704,2.08612017185268,0.481304584754923,436.161943308216,-215.080971654108,2.85821511025737,0.725446326324948,351.912763319305,-172.956381659653,4.07548518665607,0.276853593395191,877.541037910843,-435.770518955421
26,2.94463701521745,0.752845540533713,337.258261017242,-165.629130508621,2.08608933954071,0.48359911412331,435.275249722598,-214.637624861299,2.8623603172621,0.731113077363142,347.76245015053,-170.881225075265,4.07717434420555,0.278439327220696,877.10418650684,-435.55209325342
27,2.96356627848927,0.758033980691649,333.015024430102,-163.507512215051,2.09615415453494,0.485381436813287,434.583769278837,-214.291884639418,2.88060554096694,0.736117166910258,344.024088148728,-169.012044074364,4.09832267364517,0.279684064810729,876.760602540527,-435.380301270264
28,2.97323084213581,0.760421550083969,331.031748442163,-162.515874221081,2.09960039517444,0.485341904972184,434.599132239147,-214.299566119574,2.88859786600327,0.737722617920393,342.809683359851,-168.404841679925,4.10792198043606,0.28005244123073,876.658806015813,-435.329403007907
29,2.97387992693613,0.761809899824102,329.869383403479,-161.934691701739,2.09477693436056,0.483785291673685,435.203130899897,-214.601565449948,2.88837860651096,0.738680396212271,342.081649785121,-168.040824892561,4.10155565435105,0.279589987609265,876.78659133201,-435.393295666005
30,2.98784396086922,0.763413514243255,328.518330664245,-161.259165332122,2.10139712396185,0.483323182096857,435.382088552632,-214.691044276316,2.89987193412332,0.739230550374074,341.662254978793,-167.831127489397,4.11704961574268,0.279685875040429,876.76010243197,-435.380051215985
31,3.01161496434599,0.766698989064257,325.721466830611,-159.860733415306,2.11611043354356,0.484484620997099,434.932002069167,-214.466001034584,2.92183507290502,0.741892481420951,339.620426344708,-166.810213172354,4.14816329189256,0.280683785296682,876.484220259542,-435.242110129771
32,3.01362651855009,0.769138970961936,323.61874910456,-158.80937455228,2.10976610916387,0.482471788032261,435.711382737959,-214.855691368979,2.92387490238033,0.744316179288429,337.742934777966,-165.871467388983,4.13825756500558,0.27986654256833,876.710183450286,-435.355091725143
33,3.02392013456214,0.772313869381005,320.84917647693,-157.424588238465,2.10732615441775,0.480058381111296,436.641881612242,-215.320940806121,2.93381352933904,0.747383249745481,335.341385524191,-164.670692762095,4.13628497586835,0.278852995492646,876.990067770702,-435.495033885351
34,3.03467646193604,0.774902223092719,318.562538755091,-156.281269377545,2.10955615083267,0.479271533713882,436.944320419148,-215.472160209574,2.9442626242358,0.749891436589702,333.355675595045,-163.677837797523,4.14172190211622,0.278537218593049,877.077187107667,-435.538593553833
35,3.03815740955167,0.777174278050825,316.533554385728,-155.266777192864,2.11064337567519,0.480070406378197,436.637255936771,-215.318627968386,2.94665865745567,0.751628301760087,331.968910283602,-162.984455141801,4.1431547658278,0.278921402772799,876.971189935301,-435.48559496765
36,3.04390742303964,0.778215774295419,315.596554973016,-154.798277486508,2.11351272544905,0.480202288365404,436.586518791657,-215.293259395829,2.95098697273803,0.752046858246201,331.63327219431,-162.816636097155,4.14981135233603,0.279153507074056,876.907124531814,-435.453562265907
37,3.0623049572847,0.780629870418757,313.407642913778,-153.703821456889,2.12426698286386,0.480777162036542,436.36520508231,-215.182602541155,2.96779028268033,0.753892376381613,330.146573217779,-162.073286608889,4.17105473553909,0.279518640540323,876.806298670132,-435.403149335066
38,3.07253868535237,0.781292310531502,312.802781778288,-153.401390889144,2.12883766026558,0.480044237513474,436.647321994371,-215.323660997185,2.97731272689338,0.754368559142624,329.761163939132,-161.880581969566,4.18158593566235,0.279314053359356,876.862798493731,-435.431399246866
39,3.06942544092668,0.783302603347547,310.955943360491,-152.477971680246,2.12162959390897,0.478995974149952,437.050128607886,-215.525064303943,2.97467590186826,0.75652166536112,328.009120015023,-161.004560007511,4.16922186928548,0.278951137450042,876.962983724772,-435.481491862386
40,3.07104965381425,0.785107188426088,309.283434985029,-151.641717492514,2.11909511645858,0.478446651487025,437.26088831369,-215.630444156845,2.97627335636221,0.758276104354194,326.569988620137,-160.284994310068,4.16646524963732,0.278928780346789,876.969153895485,-435.484576947742
41,3.08343598341101,0.787041427336013,307.475094838383,-150.737547419192,2.12392190186525,0.477949650187894,437.451382593272,-215.725691296636,2.98860574493722,0.760305028782252,324.892620409334,-159.446310204667,4.17786795284128,0.278892021812953,876.979298194121,-435.48964909706
42,3.08930988172408,0.787859683365489,306.705149716768,-150.352574858384,2.12524409990857,0.47722249763483,437.729764402849,-215.864882201425,2.99504869549399,0.761489764173375,323.90658838075,-158.953294190375,4.18280414993663,0.278783725603461,877.009181829082,-435.504590914541
43,3.09039125481247,0.789862946088284,304.807555490246,-149.403777745123,2.12010316003279,0.475790905166181,438.276702965258,-216.138351482629,2.99680256691683,0.763786529806756,321.981005472416,-157.990502736208,4.1746560190427,0.27821028856398,877.167343303093,-435.583671651547
44,3.09223659022507,0.790236822576631,304.451397946859,-149.225698973429,2.11799861806177,0.474504700284411,438.766824005863,-216.383412002931,2.99892633339411,0.764340889875993,321.513431346975,-157.756715673487,4.17087695445567,0.277514907013287,877.358970185813,-435.679485092906
45,3.10516034175704,0.789426051443012,305.222942584722,-149.611471292361,2.12375360458937,0.472638387086248,439.475871980204,-216.737935990102,3.012391359672,0.7640646796325,321.74653776718,-157.87326888359,4.18404282651076,0.27667864665384,877.589175038627,-435.794587519314
46,3.11018425307727,0.790010449936187,304.667117962541,-149.333558981271,2.12168291143573,0.470542545537985,440.269137113495,-217.134568556747,3.01747496261854,0.764761362899894,321.158049931423,-157.579024965712,4.18138470289436,0.275648036346245,877.872514495742,-435.936257247871
47,3.11427117139142,0.790202761691094,304.48387087265,-149.241935436325,2.12001636328513,0.468685436841937,440.969423532273,-217.484711766136,3.02161494912062,0.765056375810688,320.908327294967,-157.454163647484,4.17876832116452,0.274655214089687,878.145084134879,-436.072542067439
48,3.11985128685082,0.789633646804053,305.025674347866,-149.512837173933,2.1209135413383,0.467069093344025,441.576931776017,-217.788465888009,3.02751768405576,0.764764874932346,321.155078907259,-157.57753945363,4.18123035072756,0.273803381209458,878.378649311974,-436.189324655987
49,3.12080270757356,0.788175248687389,306.407421999054,-150.203710999527,2.11893239208641,0.465052202406312,442.332408340115,-218.166204170058,3.0284945734308,0.763385464543695,322.318599716144,-158.159299858072,4.17770542541658,0.272672900488381,878.688194599777,-436.344097299888
50,3.1193889690755,0.784868002070643,309.505921106597,-151.752960553298,2.11890661166206,0.463509386081686,442.908388209558,-218.454194104779,3.02693803391148,0.760098403280465,325.064091517131,-159.532045758565,4.17987967943131,0.272061058429705,878.855526995935,-436.427763497967
51,3.12075234501953,0.781124490059548,312.95618847252,-153.47809423626,2.12272104938099,0.4625565521197,443.263283075416,-218.631641537708,3.02795944848924,0.756325935543546,328.1690298743,-161.08451493715,4.1901383693143,0.271857723764917,878.911105761818,-436.455552880909
52,3.12200822598801,0.777982283570477,315.8070008718,-154.9035004359,2.12537321716802,0.461476265319111,443.664889065298,-218.832444532649,3.02856783950473,0.752970317507909,330.890747010456,-162.445373505228,4.19728645233192,0.271466676378223,879.017949635401,-436.508974817701
53,3.12112898784043,0.777639989136262,316.115112175214,-155.057556087607,2.12026911897336,0.459319060802403,444.464443567605,-219.232221783803,3.02740698245837,0.752493205296243,331.274724184869,-162.637362092435,4.19015462279272,0.270580894282573,879.259755410645,-436.629877705323
54,3.12053699826411,0.777893436157833,315.887021188432,-154.943510594216,2.11569072847115,0.457660195199974,445.077125054611,-219.538562527305,3.02676591815975,0.752714581531564,331.096653986529,-162.548326993264,4.1828346019894,0.269829920788428,879.464530480322,-436.732265240161
55,3.12541745168488,0.777336873142991,316.387561865537,-155.193780932769,2.11682740779298,0.456395595232477,445.542931871571,-219.771465935786,3.03154026690197,0.752202548290882,331.508280634769,-162.754140317385,4.18602085025987,0.269207376172689,879.634126029576,-436.817063014788
56,3.12797502433629,0.77672586537762,316.935628331841,-155.46781416592,2.11436010913059,0.454230684106303,446.33785245213,-220.168926226065,3.03469575440194,0.751950988844776,331.710199324603,-162.855099662301,4.18221581119069,0.268069968045515,879.943609528766,-436.971804764383
57,3.13108308987521,0.776727006390748,316.934606255508,-155.467303127754,2.11032913262796,0.451603136874266,447.298420356084,-220.649210178042,3.03742622878629,0.751819418808887,331.815724823925,-162.907862411963,4.17402452946781,0.266494418780719,880.371515636252,-437.185757818126
58,3.13447347648704,0.775165813697986,318.328200537781,-156.16410026889,2.10730349651818,0.448432343960904,448.451476346818,-221.225738173409,3.04065282472391,0.750281235133786,333.045288700972,-163.522644350486,4.16869990568858,0.264708410452763,880.855470588653,-437.427735294327
59,3.14005263063616,0.77340223416945,319.890862189958,-156.945431094979,2.10648676721241,0.445478120967052,449.519827479312,-221.759913739656,3.04571989397368,0.748407610146878,334.532800418837,-164.266400209418,4.17010696953543,0.263347214196711,881.223525437338,-437.611762718669
60,3.14194092222099,0.7722431059615,320.911325563637,-157.455662781819,2.10385316827767,0.443165765800046,450.35209302456,-222.17604651228,3.04722684067743,0.747125438793812,335.544373716737,-164.772186858369,4.16785453307225,0.262352448749216,881.492070928535,-437.746035464267
61,3.14425725526886,0.770426155420893,322.500512510446,-158.250256255223,2.10217722502111,0.44076882437666,451.211162784303,-222.605581392151,3.04907736884712,0.745174294931109,337.073935806945,-165.536967903473,4.16701755183366,0.261244826413577,881.790657326997,-437.895328663498
62,3.14509700772565,0.767534844961249,325.003632985773,-159.501816492886,2.0992232908788,0.437647672935787,452.324288820905,-223.162144410453,3.04924533776582,0.742070604042022,339.48304701388,-166.74152350694,4.16272151863107,0.25959197944074,882.235390789531,-438.117695394766
63,3.14130597364004,0.762691678495243,329.127610441279,-161.563805220639,2.09708096110629,0.435047085399159,453.247052968115,-223.623526484058,3.0446621289935,0.736955103782734,343.391175629955,-168.695587814978,4.15900654650981,0.258117880964764,882.631191430158,-438.315595715079
64,3.13803475898361,0.757692515961471,333.297067353704,-163.648533676852,2.09586028536635,0.432593007826263,454.113943927563,-224.056971963782,3.04100016205699,0.731889769274524,347.186797943897,-170.593398971949,4.15837465954873,0.256883425560755,882.962042471392,-438.481021235696
65,3.13994476530514,0.752323841786579,337.679980225223,-165.839990112612,2.09993182596071,0.430673887534109,454.789255346811,-224.394627673405,3.04176854726474,0.726189846239648,351.373119578071,-172.686559789036,4.16928612638899,0.256092763383035,883.173662200712,-438.586831100356
66,3.1399772905175,0.747401425916925,341.615877374924,-167.807938687462,2.10477454536904,0.429822766002991,455.088024698226,-224.544012349113,3.04087959581551,0.721003205537458,355.10741340615,-174.553706703075,4.18020154689678,0.255746237185091,883.266338617663,-438.633169308832
67,3.13417754007517,0.744762967496511,343.694094913603,-168.847047456801,2.09800306015431,0.427130379167137,456.030205433419,-225.01510271671,3.03497667930934,0.718324460799853,357.008967047816,-175.504483523908,4.16822933327739,0.254325093492447,883.645964416435,-438.822982208217
68,3.12770126778294,0.742284257178558,345.627005489803,-169.813502744902,2.08943935317514,0.423990961743665,457.123245229309,-225.561622614655,3.02835169925635,0.715766949676652,358.807660999067,-176.403830499534,4.15200233474935,0.252551679205348,884.118677723183,-439.059338861592
69,3.12789325740963,0.739637845452737,347.670277173282,-170.835138586641,2.08675558026737,0.421343001956546,458.040554423772,-226.020277211886,3.02779327830007,0.712864539720301,360.829419421531,-177.414709710765,4.14729067724959,0.251049629461159,884.518180878612,-439.259090439306
70,3.12791896030529,0.737123904337843,349.59212478905,-171.796062394525,2.08272835989945,0.418284828341405,459.094761263829,-226.547380631915,3.0273384567855,0.710216482326887,362.656251757364,-178.328125878682,4.14043157999346,0.249365333888437,884.965204490776,-439.482602245388
71,3.1285244161301,0.734496690877115,351.581025255656,-172.790512627828,2.07959054604928,0.415378253516113,460.091585010737,-227.045792505368,3.02798838958121,0.707714899069887,364.366765319687,-179.183382659844,4.13553609518902,0.247793335526336,885.381519615713,-439.690759807857
72,3.13195352100774,0.731986715890023,353.462873758248,-173.731436879124,2.07737521952528,0.412173263819739,461.185022454476,-227.592511227238,3.03081313719193,0.705066568185303,366.161740749854,-180.080870374927,4.13328949463802,0.246138478455626,885.818839376746,-439.909419688373
73,3.13500482467417,0.728686922876738,355.910248429012,-174.955124214506,2.07720744555692,0.40945071221614,462.109194838381,-228.05459741919,3.03322099102766,0.70163413695086,368.464327125162,-181.232163562581,4.1366095957094,0.244944525890713,886.133762743225,-440.066881371613
74,3.1333631374185,0.725197180587323,358.466328420259,-176.23316421013,2.07514011271206,0.407105377648694,462.901910950327,-228.450955475164,3.03176725193405,0.698331625859601,370.654889938559,-182.327444969279,4.1354775633948,0.243891910838496,886.410993394308,-440.205496697154
75,3.13501141958311,0.722062748811871,360.73463899936,-177.36731949968,2.07474705237006,0.404766293227744,463.68939741474,-228.84469870737,3.03297084251574,0.695128337116762,372.75684643789,-183.378423218945,4.13662941900417,0.242715671168336,886.72032723094,-440.36016361547
76,3.13280691595397,0.7179844121659,363.648033470434,-178.824016735217,2.0711400724389,0.401646550884011,464.734901107624,-229.367450553812,3.03026803442993,0.690940155760155,375.472006059962,-184.736003029981,4.1317713127822,0.241116515702077,887.140111971174,-440.570055985587
77,3.1256474800431,0.711155173652225,368.433486558771,-181.216743279385,2.06638380292323,0.397817333574438,466.010741207916,-230.005370603958,3.02280241054889,0.684114279951855,379.81927527304,-186.90963763652,4.12559822233599,0.239198835717495,887.642345799552,-440.821172899776
78,3.12177908157355,0.70440418925571,373.054167773115,-183.527083886558,2.06479539661515,0.394410969726769,467.138892460006,-230.569446230003,3.01849634210953,0.677357174513537,384.03119090053,-189.015595450265,4.12461391915307,0.237399115357465,888.112536211224,-441.056268105612
79,3.12130181030395,0.697284043608229,377.814550024651,-185.907275012325,2.06577255745119,0.390913390513453,468.29066953207,-231.145334766035,3.01778246784198,0.670391817300552,388.281575375565,-191.140787687783,4.1294714107021,0.235623082222981,888.575451589007,-441.287725794504
80,3.11614630556672,0.690161524605176,382.465787301555,-188.232893650778,2.06512695542919,0.387959076095357,469.258404711687,-231.629202355844,3.01254746905037,0.66343017589296,392.440875319236,-193.220437659618,4.13016007085662,0.234065418198641,888.98056551252,-441.49028275626
81,3.10388318175769,0.68448187476266,386.098790302424,-190.049395151212,2.05592918386876,0.384365908500635,470.429130778315,-232.214565389157,3.00074179352555,0.657994693513445,395.628979567739,-194.814489783869,4.11437959312588,0.232193423256104,889.46634132479,-441.733170662395
82,3.09453117892776,0.679170861271201,389.437305050117,-191.718652525058,2.04774602872863,0.380643874336777,471.634661115766,-232.817330557883,2.99156182241165,0.65282139201511,398.616589444083,-196.308294722041,4.10094293104392,0.230272420933815,889.963604633843,-441.981802316921
83,3.09201732158325,0.674076370580786,392.588182054257,-193.294091027128,2.04503368700196,0.377401429479611,472.678967235487,-233.339483617743,2.98880207801141,0.647770155043817,401.491057519105,-197.745528759553,4.0971173459525,0.228485944975093,890.424932523171,-442.212466261586
84,3.09206826715069,0.671024738195906,394.452075557552,-194.226037778776,2.0428165338452,0.374866346247679,473.491669406967,-233.745834703483,2.98876891422057,0.644789823721559,403.167777591661,-198.58388879583,4.09430237822511,0.227127326932968,890.775058634993,-442.387529317496
85,3.08520401094067,0.665474678044968,397.798079909859,-195.899039954929,2.03891715066883,0.371997703907516,474.407339363251,-234.203669681625,2.98215318899485,0.639447407735413,406.138484008187,-200.069242004093,4.08923092667106,0.22568581835316,891.145873949913,-442.572936974956
86,3.07954085928454,0.659216152252023,401.50524413211,-197.752622066055,2.0345141898334,0.368260116406524,475.594121397976,-234.797060698988,2.97704504574724,0.633573001391858,409.354619156098,-201.677309578049,4.08397240430307,0.223803828126679,891.628961648285,-442.814480824143
87,3.07858030902904,0.65417023181911,404.44489528867,-199.222447644335,2.03294506748774,0.365105547203901,476.59032863293,-235.295164316465,2.97636515871389,0.628816154842691,411.92135361956,-202.96067680978,4.08362647318017,0.222187360870746,892.042958142605,-443.021479071303
88,3.0716799605801,0.647380054062386,408.33373169412,-201.16686584706,2.02737010015699,0.360953120844682,477.89413783069,-235.947068915345,2.96924588972625,0.62208968477763,415.495279548051,-204.747639774025,4.07540469970533,0.219977478135255,892.607545424183,-443.303772712091
89,3.06449064793135,0.640708291864456,412.082487591414,-203.041243795707,2.02121807959121,0.356736406736684,479.209491451452,-236.604745725726,2.96205248597961,0.615564731201544,418.901864429316,-206.450932214658,4.06666144480391,0.217791200557908,893.164530188198,-443.582265094099
90,3.05600640632805,0.634537294777225,415.488411644745,-204.744205822372,2.0154940168701,0.353255554776916,480.288821286272,-237.144410643136,2.9537072774488,0.60956768304992,421.982226630758,-207.991113315379,4.05889126867553,0.216061768170112,893.604025558922,-443.802012779461
91,3.04569615099022,0.62598317944502,420.115718616682,-207.057859308341,2.00942567400537,0.348747216017374,481.678148408865,-237.839074204432,2.94333137771303,0.601164763613624,426.219684877259,-210.10984243863,4.0504013092086,0.213691559668373,894.204787029631,-444.102393514815
92,3.0374961934368,0.617810807500753,424.438715251722,-209.219357625861,2.00398658356715,0.344184237258162,483.07455483522,-238.53727741761,2.93530347560262,0.593250692434776,430.129766927643,-212.064883463821,4.04314661751281,0.21127459607129,894.815537249523,-444.407768624761
93,3.03060418990631,0.609491245831327,428.745641761651,-211.372820880825,2.00021797616291,0.339813811583943,484.402954610785,-239.201477305392,2.92887999835492,0.585332389735948,433.966530000545,-213.983265000272,4.03824402333513,0.208862552469591,895.423181196899,-444.711590598449
94,3.02397050830786,0.601200387276985,432.947377783142,-213.473688891571,1.99791594648955,0.335889104519265,485.588404190858,-239.794202095429,2.92246919508226,0.577347207260381,437.76220841108,-215.88110420554,4.03567617460678,0.206654977320711,895.977693786516,-444.988846893258
95,3.01435852934153,0.594557472664839,436.251390521817,-215.125695260909,1.99269931661657,0.332556096730579,486.58964417071,-240.294822085355,2.91279949880663,0.570794076119238,440.823980972277,-217.411990486139,4.02595517104641,0.204678491291159,896.472852355089,-445.236426177545
96,3.00151564008662,0.587483669073155,439.710723410206,-216.855361705103,1.98390595334173,0.328499020951875,487.801669624084,-240.900834812042,2.90013979754039,0.563880766342033,444.003775077121,-219.00188753856,4.01039264039062,0.202394761347962,897.043453069552,-445.521726534776
97,2.99288999594729,0.580700800076741,442.972513596868,-218.486256798434,1.97695709008072,0.324296859028813,489.049342634771,-241.524671317385,2.89185358029861,0.557363586202115,446.955545868811,-220.477772934405,3.99974505906977,0.200136672894413,897.60604304619,-445.803021523095
98,2.98077601692502,0.574018150925808,446.13491189777,-220.067455948885,1.96815164178966,0.320303285550185,490.227912934682,-242.113956467341,2.88011409903517,0.550915628197479,449.833500555726,-221.916750277863,3.98686362915257,0.198154769761975,898.098515815761,-446.049257907881
99,2.97123709343598,0.566844794280087,449.474785696533,-221.737392848267,1.96249252161583,0.31650670016687,491.341945508227,-242.670972754114,2.87005417184082,0.543696714398177,453.006935222808,-223.503467611404,3.97901028077967,0.196156500868991,898.593824411658,-446.296912205829
100,2.96294925381044,0.559106809102108,453.016094107224,-223.508047053612,1.95793401763032,0.312478254182565,492.517266695384,-243.258633347692,2.86187987035033,0.536180420802452,456.258187319665,-225.129093659833,3.97374978786561,0.194037311949415,899.117761817245,-446.558880908623
101,2.95315947402496,0.551772277455556,456.315846890973,-225.157923445487,1.95138715710214,0.30835450826212,493.713280665941,-243.85664033297,2.85213116036215,0.529015066485602,459.30895016108,-226.65447508054,3.96179648316918,0.191597324947381,899.719308151474,-446.859654075737
102,2.94167889911043,0.544001954891517,459.753268879334,-226.876634439667,1.94490619536342,0.30435790799285,494.865633320908,-244.432816660454,2.84062833177727,0.521400198122801,462.500642764446,-228.250321382223,3.95132666157909,0.189366998624707,900.267579230892,-447.133789615446
103,2.92994954020359,0.535738088127964,463.345336030281,-228.672668015141,1.93789133308784,0.299963507651167,496.125067953601,-245.0625339768,2.8290065197721,0.513342972451535,465.822919490506,-229.911459745253,3.94079560397441,0.186975028119953,900.85391266151,-447.426956330755
104,2.91823753881267,0.528011478755225,466.646497565489,-230.323248782745,1.93046824144946,0.295736377132229,497.329124904222,-245.664562452111,2.81732282626106,0.505777446351835,468.892755133576,-231.446377566788,3.92823791320959,0.1845686178573,901.44204754109,-447.721023770545
105,2.90451571012201,0.519275101311193,470.314598444847,-232.157299222423,1.92243870529282,0.291160451325249,498.624413710767,-246.312206855383,2.80378083979316,0.497274338616147,472.287433909049,-233.143716954525,3.91496287366454,0.18198654496341,902.071187775488,-448.035593887744
106,2.89034522741887,0.510368139845234,473.98632497214,-233.99316248607,1.91313968445364,0.286190240679558,500.021871492985,-247.010935746492,2.78993092180351,0.488651463842169,475.671788708598,-234.835894354299,3.89952032926578,0.179188751608762,902.750652049253,-448.375326024627
107,2.88301364583558,0.502556969115852,477.151772238086,-235.575886119043,1.9064398824626,0.281264858606979,501.39715864198,-247.69857932099,2.78286865726711,0.481138674669154,478.574248885873,-236.287124442937,3.89036311897581,0.176498569687896,903.401801537833,-448.700900768916
108,2.87334022334477,0.494519829718093,480.35732633928,-237.17866316964,1.89946169003332,0.276597356130367,502.691769690059,-248.34588484503,2.77347958242491,0.473391264408762,481.523664506194,-237.761832253097,3.88085923633748,0.173981126075505,904.009216513606,-449.004608256803
109,2.85861590609129,0.486800327895182,483.38856315055,-238.694281575275,1.88923314859267,0.272137070608126,503.921124164642,-248.960562082321,2.75877309343511,0.465808950682712,484.368510725087,-239.184255362543,3.86330924860467,0.171463180986224,904.614903540916,-449.307451770458
110,2.84210241749788,0.478819127130854,486.47499365118,-240.23749682559,1.87872343049514,0.267790451200534,505.11192320049,-249.555961600245,2.74240391123093,0.458011575150589,487.252239547959,-240.62611977398,3.84428069929591,0.168935087016453,905.221182842055,-449.610591421028
111,2.82777655404345,0.470644319023595,489.58767853027,-241.793839265135,1.87030118664517,0.26351362909,506.276720934826,-250.138360467413,2.72808558907152,0.450009808395342,490.168743703429,-242.084371851714,3.82966267435447,0.166457398764854,905.813587143946,-449.906793571973
112,2.81121682351334,0.462492856971354,492.643974240682,-243.321987120341,1.86002366155593,0.259137713374419,507.461526834412,-250.730763417206,2.71164355650865,0.442058029164906,493.025292672567,-243.512646336283,3.81234237992372,0.164011362830637,906.396698724005,-450.198349362003
113,2.79485017035429,0.45462454710955,495.550456759593,-244.775228379797,1.85092063831116,0.255204752121092,508.520443940026,-251.260221970013,2.69529378814241,0.434349924066413,495.755708899903,-244.877854449952,3.79565316338365,0.161687569889907,906.949090526382,-450.474545263191
114,2.7790911212465,0.446046222609906,498.671814177363,-246.335907088681,1.84198159660426,0.250796924838196,509.7005898624,-251.8502949312,2.67864668402848,0.425685523683389,498.780800997726,-246.390400498863,3.77891080984714,0.159025716374878,907.579964681227,-450.789982340613
115,2.76859527528098,0.438730317368772,501.295865930392,-247.647932965196,1.83498170844937,0.246671809344514,510.798770233585,-252.399385116792,2.66718339756455,0.418274516893815,501.332288154706,-247.666144077353,3.76462194895564,0.156413578020606,908.197117802985,-451.098558901492
116,2.75322828192547,0.430200949690201,504.312315457745,-249.156157728873,1.82683098901363,0.242415844192427,511.925500428985,-252.962750214493,2.65195531647839,0.409979871648461,504.149729005178,-249.074864502589,3.74929809631988,0.153817637309586,908.80855365455,-451.404276827275
117,2.73699443004278,0.421289190846833,507.416141735169,-250.708070867585,1.81675675686611,0.237576455413184,513.199021643286,-253.599510821643,2.63593990045312,0.401341313079324,507.04218977448,-250.52109488724,3.73171394713702,0.150985629236382,909.473455986817,-451.736727993408
118,2.72149391636734,0.413419353335709,510.117597108764,-252.058798554382,1.80707402010894,0.233294925887306,514.319016563917,-254.159508281958,2.62069341638906,0.393730502647718,509.556151084577,-251.778075542289,3.71514349312963,0.148523055026734,910.04982189443,-452.024910947215
119,2.70390900823641,0.404792223407408,513.037674175911,-253.518837087955,1.79622723925551,0.228637736693493,515.530199797236,-254.765099898618,2.60350009216832,0.385401591103786,512.271398332638,-253.135699166319,3.69752341814656,0.145913756330039,910.658712669284,-452.329356334642
120,2.68588020362124,0.395958553310485,515.98412757234,-254.99206378617,1.78419115350139,0.223633343429585,516.823555665856,-255.411777832928,2.58574183625941,0.376836667148874,515.025477755257,-254.512738877628,3.67784193595937,0.143101772621989,911.312821775702,-452.656410887851
121,2.67300179995074,0.388283794103405,518.509256208384,-256.254628104192,1.7734049737051,0.218747927785539,518.078145527624,-256.039072763812,2.57349588046299,0.369531280597081,517.344800043505,-255.672400021752,3.66198000359373,0.140446930510984,911.928410464235,-452.964205232117
122,2.65908206244951,0.380787611264717,520.945230331413,-257.472615165706,1.76281714440362,0.214195923824169,519.240073712337,-256.620036856168,2.56024921636666,0.362406264344135,519.581114430564,-256.790557215282,3.64533504263437,0.137905686975354,912.515880158662,-453.257940079331
123,2.63836384096666,0.372732619205974,523.530143262618,-258.765071631309,1.75020559789048,0.209934350930693,520.321783250539,-257.160891625269,2.53972023489266,0.354555677639879,522.016406573979,-258.008203286989,3.62276864412358,0.135415989999824,913.089756641482,-453.544878320741
124,2.61740364980901,0.364310880845118,526.197491881875,-260.098745940938,1.73875482457035,0.205771286230623,521.372869306147,-257.686434653073,2.51877094818765,0.346307956263632,524.543190748506,-259.271595374253,3.60183128383882,0.132925380746191,913.662192310803,-453.831096155401
125,2.59895780259998,0.355811495726801,528.853842741322,-261.426921370661,1.72898284402519,0.201548805165098,522.433343777052,-258.216671888526,2.50023750965416,0.337991975678949,527.058812985459,-260.529406492729,3.58584552873255,0.130497765082039,914.218569450918,-454.109284725459
126,2.57817596011326,0.347557754230979,531.40008899646,-262.70004449823,1.71857784281127,0.197659471918946,523.405198102271,-258.702599051136,2.47923407082187,0.329875968341972,529.483655832581,-261.74182791629,3.56623774441098,0.128118622968459,914.762331976227,-454.381165988114
127,2.55671780144394,0.33930025670223,533.915462487869,-263.957731243935,1.70576384207824,0.193300842602246,524.488736318764,-259.244368159382,2.45822763862082,0.321909865452054,531.835319185959,-262.91765959298,3.54169832178178,0.125426494982665,915.375842120704,-454.687921060352
128,2.53526691322557,0.331026898937835,536.404334714856,-265.202167357428,1.69379936894963,0.189111170526539,525.524768108943,-259.762384054472,2.43693311884037,0.313867492256423,534.181638264508,-264.090819132254,3.51977220953689,0.122903512758279,915.949093717254,-454.974546858627
129,2.51761827875011,0.323772491065464,538.561478606947,-266.280739303474,1.68270214735685,0.185119436462745,526.50688577023,-260.253442885115,2.41969797189389,0.306883985134013,536.196836788469,-265.098418394235,3.50083551537825,0.120578917158042,916.475811812639,-455.23790590632
130,2.49857032094663,0.315496983332382,540.994174752854,-267.497087376427,1.67003134067617,0.180400875563526,527.661644447836,-260.830822223918,2.40084411814872,0.298869938498337,538.48454320024,-266.24227160012,3.47998186960759,0.117864856939595,917.089017798225,-455.544508899113
131,2.47776202065614,0.30712757360135,543.424743057381,-268.71237152869,1.65749226791674,0.17590573080077,528.755560378061,-261.377780189031,2.38032368801807,0.290780632422475,540.767366916116,-267.383683458058,3.45999039744117,0.115323891666371,917.661407675853,-455.830703837927
132,2.4550267472313,0.29915581956498,545.712680485506,-269.856340242753,1.64380513135743,0.17165758736404,529.783896977558,-261.891948488779,2.35799104015149,0.283084259234025,542.915260372154,-268.457630186077,3.43774204575327,0.112941630910894,918.196555783063,-456.098277891531
133,2.43450163827778,0.291309067329954,547.939466671034,-270.969733335517,1.63031333173495,0.167206579009618,530.855698311723,-262.427849155861,2.3379129289053,0.275546122250332,544.996756911491,-269.498378455745,3.41669580949462,0.110465415677721,918.751288536619,-456.37564426831
134,2.41613266189267,0.284011465262488,549.988395166056,-271.994197583028,1.61891084769594,0.163199012718307,531.815829459284,-262.907914729642,2.31986954418102,0.268532514363113,546.914056569621,-270.457028284811,3.39985550232082,0.108259678537606,919.244128708352,-456.622064354176
135,2.39540603515443,0.27643296878326,552.094202450302,-273.047101225151,1.60486851950367,0.15881364608106,532.86121913868,-263.43060956934,2.29983535323912,0.261308686822279,548.869700070458,-271.434850035229,3.37905745750466,0.105883325309318,919.773728304015,-456.886864152008
136,2.37463193218111,0.268853145169277,554.178431461692,-274.089215730846,1.59048313819742,0.154368254613554,533.915369971121,-263.95768498556,2.27978775464441,0.254086989191676,550.805743419663,-272.402871709832,3.35627913720265,0.103367926189187,920.332784681459,-457.166392340729
137,2.35042825562265,0.261308270475847,556.231702083791,-275.115851041895,1.57489063301568,0.150154135441216,534.909574276872,-264.454787138436,2.25589858864049,0.246784910664594,552.744370437416,-273.372185218708,3.32827239997607,0.10083080784654,920.89508174147,-457.447540870735
138,2.32644961618146,0.253903055888915,558.226673117311,-276.113336558656,1.55970771407165,0.146064409139595,535.869728912529,-264.934864456265,2.23241009403414,0.239658730253121,554.618262178753,-274.309131089376,3.3018149430507,0.0984071873604497,921.430744718214,-457.715372359107
139,2.30164500096297,0.246207604509253,560.278962896892,-277.139481448446,1.54464336143448,0.141924890531188,536.836901997301,-265.41845099865,2.2078956288737,0.232212843510895,556.557553618845,-275.278776809423,3.27538788546758,0.0959247545917779,921.977915534022,-457.988957767011
140,2.27452840373282,0.23860294971715,562.286558360967,-278.143279180484,1.52865288917077,0.137939352539933,537.763699805501,-265.881849902751,2.18112945198977,0.224854017460319,558.455779084043,-276.227889542022,3.24688530528117,0.0935293089194041,922.504490372408,-458.252245186204
141,2.24919195686973,0.231159020917886,564.232396165212,-279.116198082606,1.51098667181836,0.133523101231168,538.78566451261,-266.392832256305,2.15636712060484,0.217714981412395,560.280165683333,-277.140082841666,3.21659926041638,0.0909311933288668,923.074045985044,-458.537022992522
142,2.22531441857408,0.223837480235055,566.127950575263,-280.063975287632,1.49621137379821,0.129512977874841,539.709144944846,-266.854572472423,2.13367275658094,0.210820065401989,562.026430642008,-278.013215321004,3.19275590168036,0.0886061395123882,923.582362875471,-458.791181437735
143,2.20043496859016,0.217000535921785,567.881966695624,-280.940983347812,1.47883618119817,0.125447267641284,540.641093361433,-267.320546680717,2.10991046402651,0.20435909067791,563.649000282153,-278.824500141076,3.1649738682527,0.0863141960087499,924.082173383322,-459.041086691661
144,2.17409255729583,0.209921942577685,569.681913875591,-281.840956937796,1.46042539997781,0.121237751814279,541.601451075137,-267.800725537569,2.08420612409493,0.197574278814707,565.338774222243,-279.669387111121,3.13205995488628,0.0837500869466545,924.639852030223,-459.319926015111
145,2.14730993499497,0.202733374250096,571.493396295914,-282.746698147957,1.44292040925042,0.117164994219433,542.526240175999,-268.263120087999,2.05784147548182,0.190646600461235,567.049450907707,-280.524725453853,3.10110698215417,0.0812671058748759,925.178400438329,-459.589200219164
146,2.12304733016905,0.196208997278108,573.123422091576,-283.561711045788,1.42720621280989,0.113488109639985,543.357482456497,-268.678741228248,2.03390101595592,0.184359594650035,568.589297269264,-281.294648634632,3.07552708530627,0.0791263792124891,925.641548176343,-459.820774088172
147,2.09785414191349,0.189601532868619,574.760776674128,-284.380388337064,1.41176371725293,0.109898721068564,544.165625392108,-269.082812696054,2.00921838784005,0.178019378472021,570.130202402732,-282.065101201366,3.05010089158721,0.0770047411972025,926.099504982325,-460.049752491163
148,2.07521698718656,0.183386376730124,576.288776719483,-285.144388359741,1.39823429747135,0.106555846868995,544.915340662363,-269.457670331181,1.98715681120197,0.172089849062461,571.560577615988,-282.780288807994,3.02808990229412,0.0750074786647199,926.529654362087,-460.264827181044
149,2.05313124202142,0.177350575977829,577.761591723476,-285.880795861738,1.38411737623014,0.103162619865754,545.67348534597,-269.836742672985,1.96499771076747,0.166248254058716,572.959757794483,-283.479878897242,3.00540308676084,0.0729985972238187,926.961370209881,-460.480685104941
150,2.02484079930251,0.170784973566016,579.351464787129,-286.675732393564,1.36511670463891,0.0993538713055566,546.521060134118,-270.260530067059,1.93677254110973,0.159891482321931,574.471238393627,-284.235619196813,2.97200878952134,0.0706715037248214,927.460302914808,-460.730151457404
151,1.99679838939395,0.164544022275194,580.851095768931,-287.425547884465,1.34511686529681,0.0955676817170225,547.360069684634,-270.680034842317,1.90944199156159,0.153940642018729,575.875869752189,-284.937934876095,2.93911064693628,0.0684617963107317,927.93291278213,-460.966456391065
152,1.96592989143737,0.157976483465324,582.417153032537,-288.208576516268,1.32438323136761,0.0917616211870751,548.199950006936,-271.099975003468,1.87958843209946,0.147714077918446,577.33504512982,-285.66752256491,2.90482164898461,0.0662233839272116,928.410520393909,-461.205260196954
153,1.93657191157616,0.151710317008255,583.900001338655,-288.950000669328,1.30488084355637,0.0881590518854872,548.991690004866,-271.495845002433,1.85083693093352,0.141726481947641,578.728199248557,-286.364099624279,2.87016524243423,0.0639741549679905,928.889284100867,-461.444642050434
154,1.90683268537115,0.145614317416987,585.332106544673,-289.666053272336,1.28342581534896,0.08443019372139,549.807896942562,-271.903948471281,1.82197174624927,0.135938378006866,580.065728738172,-287.032864369086,2.83296765439265,0.0616904733328557,929.374205718557,-461.687102859278
155,1.87449696646997,0.13943046594514,586.774448178559,-290.387224089279,1.26079189959265,0.0807332350912434,550.613846353222,-272.306923176611,1.79067337643136,0.130081097173049,581.410153664082,-287.705076832041,2.79562969344457,0.0595136779057158,929.835333503269,-461.917666751634
156,1.84452970755031,0.13348706393348,588.150972016016,-291.075486008008,1.23814590415086,0.0769819422218266,551.428334538273,-272.714167269137,1.76153721202112,0.124442953040153,582.695756693829,-288.347878346914,2.7576469117983,0.0572453274890267,930.314721911351,-462.157360955676
157,1.81454262512695,0.127900630304185,589.436239084788,-291.718119542394,1.21628861540674,0.0735510640548069,552.170360671031,-273.085180335516,1.73201702216057,0.119107657727309,583.904703605911,-288.952351802955,2.72106873795168,0.0551811136215467,930.749967172599,-462.374983586299
158,1.78567753448969,0.122574436135444,590.653989234292,-292.326994617146,1.19430427082577,0.0701780257005582,552.89720329903,-273.448601649515,1.70406253152508,0.1140740932995,585.038585975266,-289.519292987633,2.68365578914586,0.0531062525925735,931.1865001882,-462.5932500941
159,1.7555227489444,0.117139827788474,591.888930926473,-292.944465463237,1.17158268310515,0.0667751522140775,553.627808076173,-273.813904038086,1.6748608492667,0.108937735715361,586.18900219363,-290.094501096815,2.64518046850449,0.051004390239656,931.627739839673,-462.813869919836
160,1.72513261205447,0.111917238192319,593.06855216349,-293.534276081745,1.15075175374185,0.063737150852569,554.277826589955,-274.138913294977,1.64532645291897,0.103991682205572,587.290544764491,-290.645272382246,2.61166104313674,0.0491817669910937,932.00956897427,-463.004784487135
161,1.69653807291269,0.106960501103999,594.181726703807,-294.090863351903,1.13067867289406,0.0608067721804767,554.902822524074,-274.451411262037,1.61726864140499,0.0992791562533734,588.334435891782,-291.167217945891,2.58053315747291,0.0474448083175607,932.372771346963,-463.186385673482
162,1.66784149220891,0.102058390721202,595.27657300951,-294.638286504755,1.10954234931298,0.0578101738619933,555.53992847572,-274.76996423786,1.58909282647595,0.0946190690325368,589.361354117392,-291.680677058696,2.54790836279137,0.045658727927147,932.74555519589,-463.372777597945
163,1.64091537072109,0.0974482533960834,596.300769490972,-295.150384745486,1.09192685666521,0.0552288665029365,556.087117108543,-275.043558554271,1.56229497712203,0.0902085981111529,590.328408787307,-292.164204393653,2.51840057168269,0.0439994798185952,933.091242504802,-463.545621252401
164,1.61115975740117,0.0927545213927675,597.338176878231,-295.669088439116,1.07219517963534,0.0525754403781254,556.648037498275,-275.324018749137,1.53282461909464,0.0857360844116148,591.304291482685,-292.652145741343,2.48483315144346,0.0422911250902556,933.446534360626,-463.723267180313
165,1.5755782347055,0.0878485088715655,598.416781381509,-296.208390690754,1.04678042370214,0.049629851299998,557.268882615099,-275.634441307549,1.4983167849495,0.0811133421031928,592.307948991991,-293.153974495995,2.4396703311273,0.0403667103877118,933.84600260525,-463.923001302625
166,1.5397471406721,0.0830402889120828,599.468271532332,-296.734135766166,1.02045813647039,0.0466828933875124,557.888093624319,-275.944046812159,1.46370078940779,0.0766022017725608,593.282520228311,-293.641260114156,2.39401776453416,0.0384651507511833,934.239940526237,-464.119970263118
167,1.50683119025881,0.0786470982316227,600.424191436947,-297.212095718474,0.996219641853247,0.04399882133859,558.450404023316,-276.225202011658,1.43189530370679,0.0724825138670293,594.168373031974,-294.084186515987,2.35287072140507,0.0367352425531039,934.597641995948,-464.298820997974
168,1.47204901530101,0.0742040341157612,601.386338616864,-297.693169308432,0.970112600328236,0.041248162461921,559.025028686776,-276.512514343388,1.39831047850969,0.0683173822668619,595.060006561211,-294.530003280605,2.30665752619118,0.0348952483180454,934.977402163453,-464.488701081726
169,1.43609350424144,0.0698041072507607,602.334604653083,-298.167302326542,0.943935578203121,0.0385991368954645,559.576865474794,-276.788432737397,1.36347891045845,0.0641863269737723,595.940416710664,-294.970208355332,2.2614437958666,0.0331431158102082,935.33835598177,-464.669177990885
170,1.40330141513029,0.0657959764780564,603.194535382019,-298.59726769101,0.919358073840247,0.0361446596972274,560.086819116012,-277.043409558006,1.33207517392294,0.0604610450338372,596.731022242734,-295.365511121367,2.22240340481947,0.0315893020887186,935.657907655015,-464.828953827508
171,1.3706926760613,0.0619816428776949,604.009468248373,-299.004734124186,0.896991200362431,0.0339732116768741,560.536887833578,-277.268443916789,1.30067233429083,0.0569027531357967,597.483266282459,-295.741633141229,2.18764601077628,0.0302153503697537,935.940042722793,-464.970021361396
172,1.33585140956696,0.0581295064279134,604.82912135499,-299.414560677495,0.870122741986699,0.0315659387769515,561.034654256321,-277.51732712816,1.26701804876535,0.0533005634504294,598.241905158106,-296.120952579053,2.14504587876034,0.0286757926057938,936.255709778931,-465.127854889465
173,1.30113170041714,0.0544680833846072,605.605093159749,-299.802546579874,0.842296783445598,0.0292150882859898,561.519561154483,-277.759780577241,1.23350374152759,0.0498825066014862,598.959100411312,-296.479550205656,2.09746427708943,0.0270727601079107,936.583860275936,-465.291930137968
174,1.26682756349693,0.051038704632491,606.329167012573,-300.164583506287,0.815828716195492,0.0270919304471019,561.956494086544,-277.978247043272,1.20037006883292,0.0466826121904345,599.628185121238,-296.814092560619,2.05204115837925,0.0256078449428775,936.883264855985,-465.441632427992
175,1.23245562905543,0.0477197221352474,607.027444583492,-300.513722291746,0.789928705361878,0.0250904501892528,562.367514285228,-278.183757142614,1.16710866458079,0.0435845031974878,600.273850528599,-297.1369252643,2.00800550088502,0.0242167229189708,937.167170934536,-465.583585467268
176,1.19857672679801,0.044534868965483,607.695218409842,-300.847609204921,0.76359369000759,0.023135053094863,562.768256840662,-278.384128420331,1.13444459175399,0.0406249121420702,600.888697572183,-297.444348786091,1.96408621646972,0.022857199308043,937.444237481353,-465.722118740676
177,1.16212352631476,0.0413274885539503,608.365469773625,-301.182734886813,0.738188846059514,0.021342570583455,563.134907314239,-278.56745365712,1.09886652762731,0.0376173753579051,601.511565173829,-297.755782586915,1.91938512045181,0.0215426393887399,937.711774239141,-465.85588711957
178,1.12379532642651,0.0381389196019749,609.029571020324,-301.514785510162,0.712747450785463,0.0196355300511512,563.483456958305,-278.741728479153,1.06157301779411,0.0346408224169659,602.126102354376,-298.063051177188,1.87693010692688,0.0203264115932324,937.958978709865,-465.979489354932
179,1.08394604243085,0.0350877910772362,609.662988785039,-301.83149439252,0.683269859838318,0.0178444254296675,563.848519241114,-278.924259620557,1.02254200872166,0.0317795224603494,602.715060875407,-298.357530437704,1.8269155294063,0.01904136362515,938.219838017423,-466.109919008712
180,1.04528623779081,0.0322408142279806,610.252220646461,-302.126110323231,0.653102157246873,0.0161092422967667,564.201549290295,-279.100774645147,0.984998092058966,0.0291328797434045,603.258287729447,-298.629143864723,1.77649318788265,0.0177875360547361,938.474030553568,-466.237015276784
181,1.00839741784781,0.0296110529672961,610.794957876912,-302.397478938456,0.623163940915844,0.0144734602471117,564.533786125613,-279.266893062807,0.949531805926954,0.0267108833157404,603.75410954591,-298.877054772955,1.72801985220945,0.0166051473881864,938.713442943867,-466.356721471934
182,0.966415230292054,0.0268601265583252,611.361129722082,-302.680564861041,0.590377605019143,0.012829732877453,564.867081692238,-279.433540846119,0.908774866342834,0.0241594896041759,604.275088378244,-299.137544189122,1.67186907321357,0.0153481392698389,938.967648952161,-466.48382447608
183,0.927033909604492,0.0243844478988857,611.869285842407,-302.934642921204,0.559312914277379,0.0113607949548259,565.164466275917,-279.582233137958,0.870351883664401,0.0218601443787763,604.743434856046,-299.371717428023,1.61828320933071,0.0141856224789714,939.202457205895,-466.601228602947
184,0.890628338839615,0.0222085700332551,612.314841486574,-303.157420743287,0.529028724390957,0.0100291337731641,565.433677759687,-279.716838879844,0.835283158502272,0.0198623368304809,605.149469073588,-299.574734536794,1.56656978114897,0.0131140986109263,939.418641360165,-466.709320680082
185,0.851972969610761,0.020061359409754,612.753555999219,-303.37677799961,0.498541609442569,0.00879202450763931,565.683450147775,-279.841725073888,0.797758297163363,0.0178814098610854,605.551256149215,-299.775628074608,1.51403135895588,0.0120894043052761,939.62515801687,-466.812579008435
186,0.811306129509772,0.0179439051426688,613.185250345984,-303.592625172992,0.465553463363221,0.00756247435895024,565.931387655854,-279.965693827927,0.757794663255921,0.0159142261829084,605.94945451532,-299.97472725766,1.45737446029242,0.0110484362243561,939.834735266611,-466.917367633305
187,0.770608209313057,0.0159573340641843,613.589415547479,-303.79470777374,0.431382980748966,0.00640024250235481,566.165468254267,-280.082734127133,0.718046670294889,0.0140825726732136,606.319503816002,-300.159751908001,1.39928688564686,0.0100384404349443,940.037866144034,-467.018933072017
188,0.72900889827472,0.0140935815404413,613.967852349644,-303.983926174822,0.398138432357741,0.00538023516985215,566.370678475882,-280.185339237941,0.677430886643912,0.0123685549204769,606.665164998579,-300.332582499289,1.34261288576233,0.00911940826304631,940.222522367359,-467.111261183679
189,0.688521163614591,0.0123994846185873,614.311220251509,-304.155610125755,0.365464251643354,0.00447132452490028,566.55336046879,-280.276680234395,0.63824412056273,0.0108277346494056,606.975386286025,-300.487693143012,1.28900835677568,0.00828994190781403,940.38903562549,-467.194517812745
190,0.644823562058943,0.0107357360761809,614.647864204629,-304.323932102315,0.331216662338762,0.00362536488349497,566.723240138705,-280.361620069353,0.596005196545094,0.00931919941260126,607.2786396692,-300.6393198346,1.23278796700555,0.00748395811659763,940.550701459112,-467.275350729556
191,0.601941920298163,0.00922387229593693,614.953285059769,-304.476642529884,0.29750798608885,0.00288389005888313,566.872019331314,-280.436009665657,0.554017539841677,0.00793809247938924,607.555872134145,-300.777936067073,1.17456389640585,0.00669728041114854,940.708368286126,-467.354184143063
192,0.556812782907357,0.00778914419282744,615.2426925779,-304.62134628895,0.264823560549029,0.002255079886602,566.998105346055,-280.499052673028,0.509630204147312,0.0066282643012739,607.818440310271,-300.909220155136,1.11752868608598,0.00598250295203154,940.851516551118,-467.425758275559
193,0.511963854876017,0.00650011699032127,615.502353234081,-304.751176617041,0.231574720650819,0.00170216717413794,567.108907126386,-280.554453563193,0.466094718455661,0.00547182783861282,608.049971969506,-301.024985984753,1.06270906399906,0.00533935618623473,940.980231407712,-467.490115703856
194,0.468434814759679,0.00536518892102395,615.730693536366,-304.865346768183,0.196806201648671,0.00121210875817285,567.207061836501,-280.603530918251,0.424206005867343,0.00446774710041086,608.250782036719,-301.12539101836,1.00492148340435,0.0047062531054373,941.106854930259,-467.553427465129
195,0.426225067400688,0.00437862953326047,615.92897142194,-304.96448571097,0.1616815770012,0.000806415078796699,567.288282546461,-280.644141273231,0.383642762634188,0.0036013804690954,608.4238874119,-301.21194370595,0.947031197645087,0.0041192639432815,941.224183519644,-467.612091759822
196,0.379256086556962,0.00341836422095008,616.121776147897,-305.060888073949,0.124452632827596,0.000471127802442936,567.355382864128,-280.677691432064,0.338033913850124,0.00275645510318955,608.592563778083,-301.296281889041,0.882801356574395,0.00352884369237661,941.342128179742,-467.671064089871
197,0.334311139808424,0.00261652630537016,616.28262910465,-305.141314552325,0.0892827369143593,0.00023885577144128,567.401853767326,-280.700926883663,0.294256701655137,0.00205724083966068,608.732043127811,-301.366021563906,0.820719795833273,0.00300398868376025,941.446916611499,-467.72345830575
198,0.291975879110412,0.00196512675872848,616.413208152554,-305.206604076277,0.0536853659585547,8.5032666242222e-05,567.432623371386,-280.716311685693,0.252604647480437,0.00149265916811386,608.844594656781,-301.422297328391,0.757076063550904,0.00251670941132957,941.544153596662,-467.772076798331
199,0.249125924173465,0.00140893362726426,616.524634761778,-305.262317380889,0.0194686150944611,1.10128607520456e-05,567.447428043452,-280.723714021726,0.210421309573605,0.00101986498277367,608.938799046823,-301.469399523412,0.695042266700656,0.00208863107954963,941.629537797652,-467.814768898826
200,0.202809560235325,0.000919810589477924,616.622573408319,-305.311286704159,-0.0152820080424319,6.6843587015691e-06,567.448293751522,-280.724146875761,0.165308480513865,0.00061997249271121,609.018442954941,-301.50922147747,0.635197510858241,0.00171820821427681,941.703392525227,-467.851696262613
